Workbook

Sheet 목차
B2: [목 차] | D2: [자료 추출 기준]
B4: 1. 2023년 용도별 건축물 현황 | D4: [1] 자료기준일 : 2023.12.31
B5: 2. 2023년 주거용 건축물 현황 | D5: [2] 추출 대상 대장 : 건축물대장
B6: 3. 2023년 상업용 건축물 현황 | D6: [3] 추출 기준
B7: 4. 2023년 고층 건축물 현황 | D7: 1. 주/부 구분 : 주건축물 (부속건축물 제외)
B8: 5. 2023년 경과년수별 건축물 현황 | D8: 2. 사용승인일 : ~ 2023.12.31
B9: 6. 2023년 말소 건축물 용도별 현황 | D9: 2.1 (말소건축물) 말소일 : 2023.1.1 ~ 2023.12.31
B10: 7. 2023년 층수, 면적, 소유주체별 현황 | D10: 3. 용도 : 층별 용도
B11: 8. 2023년 1인당 건축물 현황 | D11: 4. 동수 : 층별 대표 용도를 추출하여 동별 용도로 산정
B12: 9. 2023년 국토면적 대비 건축물 현황 | D12: 5. 연면적 : (용도별) 층 면적의 합

Sheet 1. 용도별
A1: =목차!B4 -> 1. 2023년 용도별 건축물 현황
N2: (단위 : 동, ㎡)
B3: 시도 | C3: 합계 | E3: 주거용 | G3: 상업용 | I3: 공업용 | K3: 교육 및 사회용 | M3: 기타
C4: 동수 | D4: 연면적 | E4: 동수 | F4: 연면적 | G4: 동수 | H4: 연면적 | I4: 동수 | J4: 연면적 | K4: 동수 | L4: 연면적 | M4: 동수 | N4: 연면적
B5: 전국 | C5: 7391084 | D5: 4.2276607e+09 | E5: 4576735 | F5: 1.9505563e+09 | G5: 1392582 | H5: 9.3468869e+08 | I5: 345087 | J5: 4.6514802e+08 | K5: 203489 | L5: 3.7664541e+08 | M5: 873191 | N5: 5.0062229e+08
B6: 서울특별시 | C6: 579408 | D6: 5.9422332e+08 | E6: 428325 | F6: 3.0847809e+08 | G6: 127876 | H6: 1.8678264e+08 | I6: 2322 | J6: 14552067 | K6: 16367 | L6: 63430315 | M6: 4518 | N6: 20980204
B7: 부산광역시 | C7: 348634 | D7: 2.5584108e+08 | E7: 236696 | F7: 1.2462408e+08 | G7: 73754 | H7: 64595346 | I7: 15784 | J7: 19867250 | K7: 9260 | L7: 23981385 | M7: 13140 | N7: 22773015
B8: 대구광역시 | C8: 256241 | D8: 1.8144026e+08 | E8: 168976 | F8: 95283309 | G8: 54117 | H8: 45453596 | I8: 13375 | J8: 16290192 | K8: 6637 | L8: 16051156 | M8: 13136 | N8: 8362007.8
B9: 인천광역시 | C9: 221783 | D9: 2.2303799e+08 | E9: 138739 | F9: 1.0741546e+08 | G9: 47743 | H9: 55915629 | I9: 14723 | J9: 25115386 | K9: 6664 | L9: 18087502 | M9: 13914 | N9: 16504017
B10: 광주광역시 | C10: 136197 | D10: 1.1011157e+08 | E10: 89137 | F10: 59857078 | G10: 33625 | H10: 24411788 | I10: 4404 | J10: 8781783.8 | K10: 4056 | L10: 12869132 | M10: 4975 | N10: 4191793.4
B11: 대전광역시 | C11: 131054 | D11: 1.1635192e+08 | E11: 90228 | F11: 57280772 | G11: 27220 | H11: 25161964 | I11: 3028 | J11: 5662874.7 | K11: 5043 | L11: 15094653 | M11: 5535 | N11: 13151653
B12: 울산광역시 | C12: 137107 | D12: 94810829 | E12: 76205 | F12: 44358548 | G12: 31203 | H12: 18547143 | I12: 15113 | J12: 18653920 | K12: 4023 | L12: 7335576.7 | M12: 10563 | N12: 5915641.6
B13: 세종특별자치시 | C13: 35383 | D13: 31939700 | E13: 19428 | F13: 16035868 | G13: 6833 | H13: 5875166.6 | I13: 2064 | J13: 2982271.5 | K13: 1040 | L13: 3300221.3 | M13: 6018 | N13: 3746172.5
B14: 경기도 | C14: 1265969 | D14: 1.1085574e+09 | E14: 659642 | F14: 5.0265909e+08 | G14: 296848 | H14: 2.2877838e+08 | I14: 114900 | J14: 1.3591984e+08 | K14: 37213 | L14: 84771583 | M14: 157366 | N14: 1.5642847e+08
B15: 강원특별자치도 | C15: 437539 | D15: 1.4583537e+08 | E15: 278327 | F15: 64847506 | G15: 79287 | H15: 33239229 | I15: 7559 | J15: 7464148.8 | K15: 14249 | L15: 17151380 | M15: 58117 | N15: 23133107
B16: 충청북도 | C16: 407286 | D16: 1.6200215e+08 | E16: 247945 | F16: 68352953 | G16: 66614 | H16: 27674039 | I16: 22051 | J16: 29701761 | K16: 11143 | L16: 13844344 | M16: 59533 | N16: 22429053
... B22: 제주특별자치도 | C22: 189336 | D22: 59414426 | E22: 114852 | F22: 25424250 | G22: 32688 | H22: 19920379 | I22: 1025 | J22: 849633.85 | K22: 4332 | L22: 5540625.6 | M22: 36439 | N22: 7679537.4

Sheet 2. 주거용
A1: =목차!B5 -> 2. 2023년 주거용 건축물 현황
A2: [기준] 기타 : 주거용(주용도) 기준 면적에서 상세용도 합 제외
V3: (단위 : 동, ㎡)
B4: 시도 | C4: 합계 | E4: 단독주택 | G4: 다중주택 | I4: 다가구주택 | K4: 공관 | M4: 아파트 | O4: 연립주택 | Q4: 다세대 | S4: 기숙사 | U4: 기타
C5: 동수 | D5: 연면적 | E5: 동수 | F5: 연면적 | G5: 동수 | H5: 연면적 | I5: 동수 | J5: 연면적 | K5: 동수 | L5: 연면적 | M5: 동수 | N5: 연면적 | O5: 동수 | P5: 연면적 | Q5: 동수 | R5: 연면적 | S5: 동수 | T5: 연면적 | U5: 동수 | V5: 연면적
B6: 전국 | C6: 4576735 | D6: 1.9505563e+09 | E6: 3496849 | F6: 3.3280967e+08 | G6: 20008 | H6: 5775055.9 | I6: 590452 | J6: 1.7216179e+08 | K6: 1538 | L6: 366016.61 | M6: 164724 | N6: 1.2524653e+09 | O6: 36564 | P6: 44880428 | Q6: 258060 | R6: 1.3353604e+08 | S6: 3865 | T6: 7708354.9 | U6: 4675 | V6: 853595.83
B7: 서울특별시 | C7: 428325 | D7: 3.0847809e+08 | E7: 180336 | F7: 26402312 | G7: 9623 | H7: 2818705.9 | I7: 110205 | J7: 28338972 | K7: 45 | L7: 44390.24 | M7: 25506 | N7: 1.937418e+08 | O7: 8707 | P7: 10049709 | Q7: 93627 | R7: 46385895 | S7: 268 | T7: 692457.02 | U7: 8 | V7: 3850.72
B8: 부산광역시 | C8: 236696 | D8: 1.2462408e+08 | E8: 170603 | F8: 14956218 | G8: 401 | H8: 110019.88 | I8: 33560 | J8: 6101516.1 | K8: 40 | L8: 6871.71 | M8: 11330 | N8: 92317223 | O8: 2203 | P8: 2038888.8 | Q8: 18462 | R8: 8900687.6 | S8: 65 | T8: 156227.88 | U8: 32 | V8: 36429.013
B9: 대구광역시 | C9: 168976 | D9: 95283309 | E9: 103166 | F9: 11241349 | G9: 653 | H9: 178771.47 | I9: 48686 | J9: 12593618 | K9: 15 | L9: 5585.61 | M9: 7982 | N9: 66448819 | O9: 487 | P9: 651146.01 | Q9: 7221 | R9: 3747030.7 | S9: 82 | T9: 287799.29 | U9: 684 | V9: 129190.25
B10: 인천광역시 | C10: 138739 | D10: 1.0741546e+08 | E10: 78332 | F10: 8559122 | G10: 760 | H10: 227914.69 | I10: 22271 | J10: 6240306.9 | K10: 127 | L10: 25021.07 | M10: 9535 | N10: 77367295 | O10: 1857 | P10: 2339556.8 | Q10: 25287 | R10: 12392575 | S10: 64 | T10: 176346.42 | U10: 506 | V10: 87321.683
B11: 광주광역시 | C11: 89137 | D11: 59857078 | E11: 66190 | F11: 7518752.1 | G11: 138 | H11: 37405.23 | I11: 15545 | J11: 5118988.5 | K11: 0 | L11: 278.43 | M11: 5590 | N11: 45547191 | O11: 820 | P11: 1072261.4 | Q11: 797 | R11: 408270.92 | S11: 38 | T11: 142476.48 | U11: 19 | V11: 11454.259
B12: 대전광역시 | C12: 90228 | D12: 57280772 | E12: 47248 | F12: 5101521.3 | G12: 3011 | H12: 899893.46 | I12: 30421 | J12: 8929781.7 | K12: 8 | L12: 7087.57 | M12: 4424 | N12: 39130227 | O12: 783 | P12: 910761.4 | Q12: 4257 | R12: 2101769.6 | S12: 75 | T12: 197238.07 | U12: 1 | V12: 2492.11
B13: 울산광역시 | C13: 76205 | D13: 44358548 | E13: 52161 | F13: 6429616.9 | G13: 197 | H13: 56127.848 | I13: 16227 | J13: 5128396.8 | K13: 45 | L13: 8004.21 | M13: 4185 | N13: 30270009 | O13: 540 | P13: 570832.92 | Q13: 2674 | R13: 1535986.9 | S13: 125 | T13: 353544.77 | U13: 51 | V13: 6028.425
B14: 세종특별자치시 | C14: 19428 | D14: 16035868 | E14: 15783 | F14: 1580340.7 | G14: 139 | H14: 41947.15 | I14: 1265 | J14: 557840.2 | K14: 9 | L14: 1126.84 | M14: 1956 | N14: 13632923 | O14: 70 | P14: 89054.706 | Q14: 187 | R14: 89346.868 | S14: 19 | T14: 43288.625 | U14: 0 | V14: 0
B15: 경기도 | C15: 659642 | D15: 5.0265909e+08 | E15: 392071 | F15: 47811176 | G15: 1360 | H15: 393972.59 | I15: 135533 | J15: 40655431 | K15: 165 | L15: 64380.409 | M15: 43314 | N15: 3.5701926e+08 | O15: 8393 | P15: 11932874 | Q15: 77737 | R15: 42991945 | S15: 941 | T15: 1629295.9 | U15: 128 | V15: 160753.51
B16: 강원특별자치도 | C16: 278327 | D16: 64847506 | E16: 243530 | F16: 21127879 | G16: 296 | H16: 78329.038 | I16: 25340 | J16: 6934930.3 | K16: 221 | L16: 38191.376 | M16: 5257 | N16: 33696420 | O16: 1602 | P16: 1610516.1 | Q16: 1727 | R16: 874689.52 | S16: 253 | T16: 458762.72 | U16: 101 | V16: 27788.833
B17: 충청북도 | C17: 247945 | D17: 68352953 | E17: 215465 | F17: 20193733 | G17: 713 | H17: 208462.31 | I17: 22078 | J17: 7883851.7 | K17: 36 | L17: 8411.8248 | M17: 5228 | N17: 36849675 | O17: 1107 | P17: 1196849.7 | Q17: 2557 | R17: 1561048.8 | S17: 167 | T17: 417015.16 | U17: 594 | V17: 33905.637
... B23: 제주특별자치도 | C23: 114852 | D23: 25424250 | E23: 94537 | F23: 9002315.8 | G23: 83 | H23: 18614.53 | I23: 10802 | J23: 3077074.8 | K23: 17 | L23: 7469.28 | M23: 2090 | N23: 7349083.1 | O23: 2215 | P23: 3119586.4 | Q23: 4993 | R23: 2676301.6 | S23: 101 | T23: 169723.57 | U23: 14 | V23: 4080.832

Sheet 3. 상업용
A1: =목차!B6 -> 3. 2023년 상업용 건축물 현황
A2: [기준] 기타 : 상업용(주용도) 기준 면적에서 상세용도 합 제외
X3: (단위 : 동, ㎡)
B4: 시도 | C4: 합계 | E4: 제1종근린생활시설 | G4: 제2종근린생활시설 | I4: 판매시설 | K4: 업무시설 | M4: 위락시설 | O4: 숙박시설 | Q4: 운수시설 | S4: 위험물저장 및 처리시설 | U4: 자동차관련시설 | W4: 기타
C5: 동수 | D5: 연면적 | E5: 동수 | F5: 연면적 | G5: 동수 | H5: 연면적 | I5: 동수 | J5: 연면적 | K5: 동수 | L5: 연면적 | M5: 동수 | N5: 연면적 | O5: 동수 | P5: 연면적 | Q5: 동수 | R5: 연면적 | S5: 동수 | T5: 연면적 | U5: 동수 | V5: 연면적 | W5: 동수 | X5: 연면적
B6: 전국 | C6: 1392582 | D6: 9.3468869e+08 | E6: 562479 | F6: 2.4561442e+08 | G6: 649454 | H6: 2.9588673e+08 | I6: 11742 | J6: 66337441 | K6: 31848 | L6: 1.8163271e+08 | M6: 6032 | N6: 6850859.1 | O6: 45250 | P6: 54995788 | Q6: 3916 | R6: 14707497 | S6: 32141 | T6: 6751492 | U6: 33440 | V6: 47175747 | W6: 16280 | X6: 14735998
B7: 서울특별시 | C7: 127876 | D7: 1.8678264e+08 | E7: 53487 | F7: 38847799 | G7: 56730 | H7: 44673506 | I7: 1199 | J7: 18422101 | K7: 9845 | L7: 65096795 | M7: 207 | N7: 524057.71 | O7: 1913 | P7: 6166146.6 | Q7: 261 | R7: 1523645.7 | S7: 650 | T7: 247420.44 | U7: 1712 | V7: 8065750 | W7: 1872 | X7: 3215418
B8: 부산광역시 | C8: 73754 | D8: 64595346 | E8: 27770 | F8: 14149779 | G8: 34667 | H8: 20591011 | I8: 936 | J8: 5201259.3 | K8: 3332 | L8: 13257037 | M8: 336 | N8: 630927.66 | O8: 2357 | P8: 4376449.2 | Q8: 432 | R8: 1775746.6 | S8: 1206 | T8: 225343.74 | U8: 1756 | V8: 3528263 | W8: 962 | X8: 859530.3
B9: 대구광역시 | C9: 54117 | D9: 45453596 | E9: 22628 | F9: 12699332 | G9: 25200 | H9: 13403514 | I9: 1079 | J9: 3028015.2 | K9: 963 | L9: 8652736.4 | M9: 224 | N9: 311205.16 | O9: 942 | P9: 1295444.4 | Q9: 157 | R9: 2898961.6 | S9: 873 | T9: 163786.23 | U9: 1337 | V9: 2106367.7 | W9: 714 | X9: 894232.55
B10: 인천광역시 | C10: 47743 | D10: 55915629 | E10: 17821 | F10: 11956109 | G10: 21368 | H10: 14391960 | I10: 514 | J10: 4172641.1 | K10: 1971 | L10: 13771872 | M10: 162 | N10: 275906.02 | O10: 1951 | P10: 2552771 | Q10: 662 | R10: 4783608.7 | S10: 1218 | T10: 382464.52 | U10: 1397 | V10: 2898847.2 | W10: 679 | X10: 729449.44
B11: 광주광역시 | C11: 33625 | D11: 24411788 | E11: 14183 | F11: 6770066.6 | G11: 15345 | H11: 8061995 | I11: 346 | J11: 1541448.4 | K11: 598 | L11: 3486290.6 | M11: 129 | N11: 216453.75 | O11: 881 | P11: 900395.26 | Q11: 75 | R11: 221792.2 | S11: 469 | T11: 100428.31 | U11: 962 | V11: 1365906.4 | W11: 637 | X11: 1747011.3
B12: 대전광역시 | C12: 27220 | D12: 25161964 | E12: 10184 | F12: 6933105.6 | G12: 13155 | H12: 8701625.9 | I12: 781 | J12: 2407837.5 | K12: 545 | L12: 3821031.9 | M12: 69 | N12: 138251.8 | O12: 776 | P12: 1132280.4 | Q12: 56 | R12: 101140.7 | S12: 580 | T12: 135255.62 | U12: 835 | V12: 1484067.9 | W12: 239 | X12: 307367.21
B13: 울산광역시 | C13: 31203 | D13: 18547143 | E13: 11506 | F13: 5366977.1 | G13: 14912 | H13: 6275319.1 | I13: 235 | J13: 1300578.8 | K13: 565 | L13: 2453687.9 | M13: 278 | N13: 242742.72 | O13: 789 | P13: 938892.08 | Q13: 87 | R13: 76188.36 | S13: 1481 | T13: 595227.56 | U13: 1024 | V13: 1134520.5 | W13: 326 | X13: 163008.65
B14: 세종특별자치시 | C14: 6833 | D14: 5875166.6 | E14: 2457 | F14: 1844712.4 | G14: 3622 | H14: 2054444.2 | I14: 31 | J14: 427318.11 | K14: 95 | L14: 1084721.7 | M14: 7 | N14: 8554.24 | O14: 98 | P14: 125856.3 | Q14: 14 | R14: 8610.32 | S14: 276 | T14: 72054.954 | U14: 171 | V14: 234582.4 | W14: 62 | X14: 14311.919
B15: 경기도 | C15: 296848 | D15: 2.2877838e+08 | E15: 102345 | F15: 57261256 | G15: 159910 | H15: 77634204 | I15: 1768 | J15: 17039995 | K15: 5637 | L15: 45631437 | M15: 644 | N15: 1059904.4 | O15: 7040 | P15: 7774843 | Q15: 550 | R15: 1563583.5 | S15: 6945 | T15: 1779238.9 | U15: 8406 | V15: 15587882 | W15: 3603 | X15: 3446041.4
B16: 강원특별자치도 | C16: 79287 | D16: 33239229 | E16: 31485 | F16: 8917862 | G16: 34845 | H16: 11079876 | I16: 479 | J16: 1257660 | K16: 917 | L16: 1924617.9 | M16: 477 | N16: 445537.85 | O16: 5748 | P16: 7371977.1 | Q16: 194 | R16: 161362.11 | S16: 1813 | T16: 302751.58 | U16: 1898 | V16: 1305526 | W16: 1431 | X16: 472058.9
B17: 충청북도 | C17: 66614 | D17: 27674039 | E17: 28303 | F17: 9565669 | G17: 30634 | H17: 10693002 | I17: 341 | J17: 1174864.4 | K17: 790 | L17: 1921100.3 | M17: 223 | N17: 261087.11 | O17: 1914 | P17: 1948053.6 | Q17: 96 | R17: 152653.37 | S17: 1897 | T17: 325249.03 | U17: 1786 | V17: 1288533 | W17: 630 | X17: 343826.82
... B23: 제주특별자치도 | C23: 32688 | D23: 19920379 | E23: 12437 | F23: 4301321.1 | G23: 14706 | H23: 5079793.6 | I23: 84 | J23: 273934.44 | K23: 389 | L23: 4026869.8 | M23: 211 | N23: 242272.43 | O23: 3551 | P23: 5028070.3 | Q23: 94 | R23: 223485.54 | S23: 594 | T23: 101007.69 | U23: 531 | V23: 586236.89 | W23: 91 | X23: 57387.238

Sheet 4. 고층
A1: =목차!B7 -> 4. 2023년 고층 건축물 현황
B3: □ 건축물 현황
B4: 순위 | C4: 구분 | D4: 건물명 | E4: 동명칭 | F4: 지상층수 | G4: 위치
B5: 1 | C5: 건축물대장 | D5: 롯데월드타워앤드롯데월드몰 | E5: 월드타워동 | F5: 123 | G5: 서울특별시 송파구 신천동 29번지
B6: 2 | C6: 건축물대장 | D6: 엘시티 | E6: 랜드마크타워동 | F6: 101 | G6: 부산광역시 해운대구 중동 1829번지
B7: 3 | C7: 건축물대장 | D7: 엘시티 | E7: 타워비동 | F7: 85 | G7: 부산광역시 해운대구 중동 1829번지
B8: 4 | C8: 건축물대장 | D8: 엘시티 | E8: 타워에이동 | F8: 85 | G8: 부산광역시 해운대구 중동 1829번지
B9: 5 | C9: 건축물대장 | D9: 해운대 두산위브더제니스 | E9: 101동 | F9: 80 | G9: 부산광역시 해운대구 우동 1407번지
B10: 6 | C10: 건축물대장 | D10: 해운대 두산위브더제니스 | E10: 102동 | F10: 75 | G10: 부산광역시 해운대구 우동 1407번지
B11: 7 | C11: 건축물대장 | D11: 해운대 l'PARK | E11: 주동2 | F11: 72 | G11: 부산광역시 해운대구 우동 1408번지
B12: 8 | C12: 건축물대장 | D12: 해운대 두산위브더제니스 | E12: 103동 | F12: 70 | G12: 부산광역시 해운대구 우동 1407번지
B13: 9 | C13: 건축물대장 | D13: 힐스테이트이진베이시티아파트 | E13: 공동주택A동 | F13: 69 | G13: 부산광역시 서구 암남동 123-15번지
B14: 10 | C14: 건축물대장 | D14: 파크원 | E14: 타워1 | F14: 69 | G14: 서울특별시 영등포구 여의도동 22번지
B15: 11 | C15: 건축물대장 | D15: 더블유 | E15: 비동 | F15: 69 | G15: 부산광역시 남구 용호동 954번지
B16: 12 | C16: 건축물대장 | D16: 더블유 | E16: 씨동 | F16: 69 | G16: 부산광역시 남구 용호동 954번지
... B19: 15 | C19: 건축물대장 | D19: 타워팰리스 | E19: 지동 | F19: 69 | G19: 서울특별시 강남구 도곡동 467-29번지
B20: 16 | C20: 건축물대장 | D20: 현대하이페리온 | F20: 69 | G20: 서울특별시 양천구 목동 916번지
B21: 17 | C21: 건축물대장 | E21: 포스코타워-송도 | F21: 68 | G21: 인천광역시 연수구 송도동 6-9번지
B22: 18 | C22: 건축물대장 | D22: 리첸시아 중동 | F22: 66 | G22: 경기도 부천시 중동 1116번지
B23: 19 | C23: 건축물대장 | D23: 펜타포트 | E23: 103동 | F23: 66 | G23: 충청남도 천안시 서북구 불당동 1289번지
B24: 20 | C24: 건축물대장 | D24: 해운대 l'PARK | E24: 주동1 | F24: 66 | G24: 부산광역시 해운대구 우동 1408번지
B26: □ 건설중인 건축물 현황
B27: 순위 | C27: 구분 | D27: 건물명 | E27: 동명칭 | F27: 지상층수 | G27: 위치
B28: 1 | C28: 건축 | D28: 현대자동차부지 특별계획구역 복합시설(GBC) 신축사업 | E28: 업무시설1 | F28: 105 | G28: 서울특별시 강남구 삼성동 167
B29: 2 | C29: 건축 | D29: 송악읍 고대리 당진1철강산업단지 C1블럭 공장 (현대제철 주식회사) | E29: 27동 전기실 및 운전실 | F29: 98 | G29: 충청남도 당진시 송악읍 당진1철강산업단지 C1블럭
B30: 3 | C30: 건축 | D30: 아산배방지구 11BL 생활숙박시설 개발사업 | E30: 생활숙박시설,판매시설 | F30: 70 | G30: 충청남도 아산시 배방읍 장재리 1733
B31: 4 | C31: 주택 | D31: 부산 동구 범일동 주거복합 | E31: 102동(아파트) | F31: 69 | G31: 부산광역시 동구 범일동 330-226
B32: 5 | C32: 주택 | D32: 부산 동구 범일동 주거복합 | E32: 102동(아파트) | F32: 69 | G32: 부산광역시 동구 범일동 330-226
B33: 6 | C33: 주택 | D33: 부산 동구 범일동 주거복합 | E33: 101동(아파트) | F33: 61 | G33: 부산광역시 동구 범일동 330-226
B34: 7 | C34: 주택 | D34: 부산 동구 범일동 주거복합 | E34: 101동(아파트) | F34: 61 | G34: 부산광역시 동구 범일동 330-226
B35: 8 | C35: 건축 | D35: 롯데캐슬 드메르 | E35: 주건축물제1동 | F35: 59 | G35: 부산광역시 동구 초량동 부산항(북항) 재개발사업지 내 상업업무지구 D-3블록
B36: 9 | C36: 건축 | D36: 서울시 영등포구 여의도동 23-4 복합시설 | E36: 주건축물제1동 | F36: 57 | G36: 서울특별시 영등포구 여의도동 23-4
B37: 10 | C37: 건축 | D37: 서울숲 e편한세상 | E37: 서울숲 e편한세상 | F37: 51 | G37: 서울특별시 성동구 성수동1가 685-700
B38: 11 | C38: 건축 | D38: 서울숲 e편한세상 | E38: 서울숲 e편한세상 | F38: 51 | G38: 서울특별시 성동구 성수동1가 685-700
B39: 12 | C39: 건축 | D39: 서울숲 e편한세상 | E39: 서울숲 e편한세상 | F39: 51 | G39: 서울특별시 성동구 성수동1가 685-700
B40: 13 | C40: 건축 | D40: DTV ST 블럭호텔 | E40: Edifice-WHITE(104) | F40: 50 | G40: 대전광역시 유성구 용산동 579
B42: □ 지역별 최고층 건축물
B43: 시도 | D43: 건물명 | E43: 동명칭 | F43: 지상층수 | G43: 위치
B44: 서울특별시 | D44: 롯데월드타워앤드롯데월드몰 | E44: 월드타워동 | F44: 123 | G44: 서울특별시 송파구 신천동 29
B45: 부산광역시 | D45: 중동 18290000 숙박시설 (주식회사엘시티피이에프브이) | E45: 랜드마크타워동 | F45: 101 | G45: 부산광역시 해운대구 중동 1829
B46: 대구광역시 | D46: 수성 범어W | E46: 105동 | F46: 59 | G46: 대구광역시 수성구 범어동 2291
B47: 인천광역시 | E47: 포스코타워-송도 | F47: 68 | G47: 인천광역시 연수구 송도동 6-9
B48: 광주광역시 | D48: 호반써밋광주 | E48: 호반 써밋 광주 | F48: 48 | G48: 광주광역시 서구 광천동 896
B49: 대전광역시 | D49: 금강엑슬루타워 | E49: 105동 | F49: 50 | G49: 대전광역시 대덕구 석봉동 770
B50: 울산광역시 | D50: 태화강엑소디움 | E50: 101동 | F50: 54 | G50: 울산광역시 중구 옥교동 82-1
B51: 세종특별자치시 | D51: 나릿재마을 2단지 | E51: 근린생활시설 | F51: 49 | G51: 세종특별자치시 나성동 853
B52: 경기도 | D52: 리첸시아 중동 | F52: 66 | G52: 경기도 부천시 중동 1116
B53: 강원특별자치도 | D53: 춘천 센트럴타워 푸르지오 | E53: 춘천 센트럴타워 푸르지오 | F53: 49 | G53: 강원특별자치도 춘천시 온의동 601
B54: 충청북도 | D54: 청주행정타운 코아루휴티스 | E54: 101동 | F54: 49 | G54: 충청북도 청주시 상당구 북문로3가 123
B55: 충청남도 | D55: 펜타포트 | E55: 103동 | F55: 66 | G55: 충청남도 천안시 서북구 불당동 1289
B56: 전라북도 | D56: 포레나 전주에코시티 | E56: 103동 | F56: 45 | G56: 전라북도 전주시 덕진구 송천동2가 1313
B57: 전라남도 | D57: 목포하당 중흥S-클래스 센텀뷰 | E57: 104동 | F57: 49 | G57: 전라남도 목포시 상동 860
B58: 경상북도 | D58: 두산 위브 더 제니스 | E58: 108동 | F58: 48 | G58: 경상북도 포항시 북구 장성동 1612
B59: 경상남도 | D59: 메트로시티 2단지 | E59: 207동 | F59: 55 | G59: 경상남도 창원시 마산회원구 양덕동 84-14
B60: 제주특별자치도 | D60: 제주 드림타워 복합리조트 | E60: 제주 드림타워 복합리조트 | F60: 38 | G60: 제주특별자치도 제주시 노형동 925
B62: □ 50층 이상 건축물
B63: 시도 | D63: 건물명 | E63: 동명칭 | F63: 지상층수 | G63: 위치 (시군구)
B64: 서울특별시 | D64: 롯데월드타워앤드롯데월드몰 | E64: 월드타워동 | F64: 123 | G64: 서울특별시 송파구 신천동 29
B65: 부산광역시 | D65: 중동 18290000 숙박시설 (주식회사엘시티피이에프브이) | E65: 랜드마크타워동 | F65: 101 | G65: 부산광역시 해운대구 중동 1829
B66: 부산광역시 | D66: 엘시티 | E66: 타워비동 | F66: 85 | G66: 부산광역시 해운대구 중동 1829
B67: 부산광역시 | D67: 엘시티 | E67: 타워에이동 | F67: 85 | G67: 부산광역시 해운대구 중동 1829
B68: 부산광역시 | D68: 해운대 두산위브더제니스 | E68: 101동 | F68: 80 | G68: 부산광역시 해운대구 우동 1407
B69: 부산광역시 | D69: 해운대 두산위브더제니스 | E69: 102동 | F69: 75 | G69: 부산광역시 해운대구 우동 1407
B70: 부산광역시 | D70: 해운대 l'PARK | E70: 주동2 | F70: 72 | G70: 부산광역시 해운대구 우동 1408
B71: 부산광역시 | D71: 해운대 두산위브더제니스 | E71: 103동 | F71: 70 | G71: 부산광역시 해운대구 우동 1407
B72: 서울특별시 | D72: 현대하이페리온 | F72: 69 | G72: 서울특별시 양천구 목동 916
B73: 부산광역시 | D73: 힐스테이트이진베이시티아파트 | E73: 공동주택A동 | F73: 69 | G73: 부산광역시 서구 암남동 775
B74: 서울특별시 | D74: 파크원 | E74: 타워1 | F74: 69 | G74: 서울특별시 영등포구 여의도동 22
B75: 부산광역시 | D75: 더블유 | E75: 비동 | F75: 69 | G75: 부산광역시 남구 용호동 954
B76: 부산광역시 | D76: 더블유 | E76: 씨동 | F76: 69 | G76: 부산광역시 남구 용호동 954
B77: 부산광역시 | D77: 더블유 | E77: 디동 | F77: 69 | G77: 부산광역시 남구 용호동 954
B78: 부산광역시 | D78: 더블유 | E78: 에이동 | F78: 69 | G78: 부산광역시 남구 용호동 954
B79: 서울특별시 | D79: 타워팰리스 | E79: 지동 | F79: 69 | G79: 서울특별시 강남구 도곡동 467-29
B80: 인천광역시 | E80: 포스코타워-송도 | F80: 68 | G80: 인천광역시 연수구 송도동 6-9
B81: 경기도 | D81: 리첸시아 중동 | F81: 66 | G81: 경기도 부천시 중동 1116
B82: 충청남도 | D82: 펜타포트 | E82: 103동 | F82: 66 | G82: 충청남도 천안시 서북구 불당동 1289
B83: 부산광역시 | D83: 해운대 l'PARK | E83: 주동1 | F83: 66 | G83: 부산광역시 해운대구 우동 1408
B84: 경기도 | D84: METAPOLIS | E84: A동 | F84: 66 | G84: 경기도 화성시 반송동 96
B85: 서울특별시 | D85: 타워팰리스 | E85: 비동 | F85: 66 | G85: 서울특별시 강남구 도곡동 467
B86: 경기도 | D86: METAPOLIS | E86: D동 | F86: 66 | G86: 경기도 화성시 반송동 98
B87: 인천광역시 | D87: 송도 더샵 퍼스트월드 | E87: 6동 | F87: 64 | G87: 인천광역시 연수구 송도동 4-1
B88: 인천광역시 | D88: 송도 더샵 퍼스트월드 | E88: 4동 | F88: 64 | G88: 인천광역시 연수구 송도동 4-1
B89: 인천광역시 | D89: 송도 더샵 퍼스트월드 | E89: 3동 | F89: 64 | G89: 인천광역시 연수구 송도동 4-1
B90: 인천광역시 | D90: 송도 더샵 퍼스트월드 | E90: 1동 | F90: 64 | G90: 인천광역시 연수구 송도동 4-1
B91: 부산광역시 | D91: 부산국제금융센터 | F91: 63 | G91: 부산광역시 남구 문현동 1229-1
B92: 부산광역시 | D92: 협성마리나G7 | E92: 협성마리나G7 | F92: 61 | G92: 부산광역시 동구 초량동 부산항(북항) 재개발단지 D-1블록
B93: 부산광역시 | D93: 더샾 센텀스타 | E93: B동 | F93: 60 | G93: 부산광역시 해운대구 재송동 1196
B94: 인천광역시 | E94: 송도아트윈푸르지오102 | F94: 60 | G94: 인천광역시 연수구 송도동 33-1
B95: 인천광역시 | E95: 송도아트윈푸르지오101 | F95: 60 | G95: 인천광역시 연수구 송도동 33-1
B96: 경기도 | D96: METAPOLIS | E96: B동 | F96: 60 | G96: 경기도 화성시 반송동 96
B97: 서울특별시 | D97: 한화금융센터_63 | F97: 60 | G97: 서울특별시 영등포구 여의도동 60
B98: 부산광역시 | D98: 힐스테이트이진베이시티아파트 | E98: 공동주택B동 | F98: 59 | G98: 부산광역시 서구 암남동 775
B99: 부산광역시 | D99: 힐스테이트이진베이시티아파트 | E99: 공동주택C동 | F99: 59 | G99: 부산광역시 서구 암남동 775
B100: 서울특별시 | D100: 청량리역 한양수자인 그라시엘 | E100: 101동 | F100: 59 | G100: 서울특별시 동대문구 용두동 39-1
B101: 대구광역시 | D101: 수성 범어W | E101: 104동 | F101: 59 | G101: 대구광역시 수성구 범어동 2291
B102: 대구광역시 | D102: 수성 범어W | E102: 102동 | F102: 59 | G102: 대구광역시 수성구 범어동 2291
B103: 대구광역시 | D103: 수성 범어W | E103: 103동 | F103: 59 | G103: 대구광역시 수성구 범어동 2291
B104: 경기도 | D104: 일산 요진 와이시티 | E104: 104동 | F104: 59 | G104: 경기도 고양시 일산동구 백석동 1237
B105: 대구광역시 | D105: 수성 범어W | E105: 101동 | F105: 59 | G105: 대구광역시 수성구 범어동 2291
B106: 대구광역시 | D106: 수성 범어W | E106: 105동 | F106: 59 | G106: 대구광역시 수성구 범어동 2291
...

Sheet 8. 고층건축물 BACKUP(건축물대장)
A1: MGM_BLDRGST_PK | B1: SIGUNGU_CD | C1: BLD_NM | D1: DONG_NM | E1: GRND_FLR_CNT | F1: F_PLAT_PLC_PRT(X01.SIGUNGU_CD,X01.BJDONG_CD,X01.PLAT_GB_CD,X01.BUN,X01.JI,X01.SPLOT_NM,X01.BLOCK,X01.LOT)
A2: 11680-2345 | B2: 11680 | C2: 타워팰리스 | D2: 지동 | E2: 69 | F2: 서울특별시 강남구 도곡동 467-29번지
A3: 11470-8842 | B3: 11470 | C3: 현대하이페리온 | E3: 69 | F3: 서울특별시 양천구 목동 916번지
A4: 11680-2201 | B4: 11680 | C4: 타워팰리스 | D4: 비동 | E4: 66 | F4: 서울특별시 강남구 도곡동 467번지
A5: 11560-100190515 | B5: 11560 | C5: 한화금융센터_63 | E5: 60 | F5: 서울특별시 영등포구 여의도동 60번지
A6: 11680-2200 | B6: 11680 | C6: 타워팰리스 | D6: 씨동 | E6: 59 | F6: 서울특별시 강남구 도곡동 467번지
A7: 11680-2202 | B7: 11680 | C7: 타워팰리스 | D7: 에이동 | E7: 59 | F7: 서울특별시 강남구 도곡동 467번지
A8: 11215-20199 | B8: 11215 | C8: 더샵스타시티 | D8: A동 | E8: 58 | F8: 서울특별시 광진구 자양동 227-7번지
A9: 11680-2210 | B9: 11680 | C9: 타워팰리스 | D9: 에프동 | E9: 55 | F9: 서울특별시 강남구 도곡동 467-17번지
A10: 11680-2211 | B10: 11680 | C10: 타워팰리스 | D10: 이동 | E10: 55 | F10: 서울특별시 강남구 도곡동 467-17번지
A11: 11680-22357 | B11: 11680 | C11: 무역회관 | E11: 54 | F11: 서울특별시 강남구 삼성동 159번지
A12: 11680-2508 | B12: 11680 | C12: 아카데미스위트 | D12: 에이동 | E12: 51 | F12: 서울특별시 강남구 도곡동 467-7번지
A13: 11530-100194390 | B13: 11530 | C13: 디큐브시티 | D13: 아파트동 | E13: 51 | F13: 서울특별시 구로구 신도림동 692번지
A14: 11215-20200 | B14: 11215 | C14: 더샵스타시티 | D14: C동 | E14: 50 | F14: 서울특별시 광진구 자양동 227-7번지
A15: 11215-100185549 | B15: 11215 | C15: 더 클래식500 | D15: 노유자시설동 | E15: 50 | F15: 서울특별시 광진구 자양동 227-342번지
A16: 11470-100184978 | B16: 11470 | C16: 목동트라팰리스 웨스턴에비뉴 | E16: 49 | F16: 서울특별시 양천구 목동 962번지
A17: 11590-25074 | B17: 11590 | C17: 보라매삼성쉐르빌 | E17: 49 | F17: 서울특별시 동작구 신대방동 395-66번지
A18: 11470-100184668 | B18: 11470 | C18: 목동트라팰리스 이스턴에비뉴 | E18: 48 | F18: 서울특별시 양천구 목동 962-1번지
A19: 11710-16738 | B19: 11710 | C19: 갤러리아팰리스 | E19: 46 | F19: 서울특별시 송파구 잠실동 40번지
A20: 11680-2339 | B20: 11680 | C20: 아이파크삼성동 | D20: 사우스윙 | E20: 46 | F20: 서울특별시 강남구 삼성동 87번지
A21: 11680-2341 | B21: 11680 | C21: 아이파크삼성동 | D21: 웨스트윙 | E21: 46 | F21: 서울특별시 강남구 삼성동 87번지
A22: 26350-100204451 | B22: 26350 | C22: 해운대 두산위브더제니스 | D22: 101동 | E22: 80 | F22: 부산광역시 해운대구 우동 1407번지
A23: 26350-100205080 | B23: 26350 | C23: 해운대 두산위브더제니스 | D23: 102동 | E23: 75 | F23: 부산광역시 해운대구 우동 1407번지
A24: 26350-100202586 | B24: 26350 | C24: 해운대 l'PARK | D24: 주동2 | E24: 72 | F24: 부산광역시 해운대구 우동 1408번지
A25: 26350-100205669 | B25: 26350 | C25: 해운대 두산위브더제니스 | D25: 103동 | E25: 70 | F25: 부산광역시 해운대구 우동 1407번지
A26: 26350-100203236 | B26: 26350 | C26: 해운대 l'PARK | D26: 주동1 | E26: 66 | F26: 부산광역시 해운대구 우동 1408번지
A27: 26350-100188472 | B27: 26350 | C27: the# 센텀스타 | D27: B동 | E27: 60 | F27: 부산광역시 해운대구 재송동 1196번지
A28: 26230-100188570 | B28: 26230 | C28: 더샵 센트럴스타 | D28: A동 | E28: 58 | F28: 부산광역시 부산진구 부전동 537-9번지
A29: 26350-100188968 | B29: 26350 | C29: the# 센텀스타 | D29: C동 | E29: 52 | F29: 부산광역시 해운대구 재송동 1196번지
A30: 26260-100172067 | B30: 26260 | C30: 벽산아스타 | D30: 101동 | E30: 52 | F30: 부산광역시 동래구 온천동 178-7번지
A31: 26350-16595 | B31: 26350 | C31: 더샵 센텀파크 1차 아파트 | D31: 104동 | E31: 51 | F31: 부산광역시 해운대구 재송동 1200번지
... A41: 26350-16596 | B41: 26350 | C41: 더샵 센텀파크 1차 아파트 | D41: 106동 | E41: 51 | F41: 부산광역시 해운대구 재송동 1200번지
A42: 27260-100198919 | B42: 27260 | C42: 수성 SK 리더스뷰 | D42: 103 | E42: 57 | F42: 대구광역시 수성구 두산동 113번지
A43: 27260-100199331 | B43: 27260 | C43: 수성 SK 리더스뷰 | D43: 105 | E43: 57 | F43: 대구광역시 수성구 두산동 113번지
A44: 27260-100194897 | B44: 27260 | C44: 두산위브더제니스 | D44: 106동 | E44: 54 | F44: 대구광역시 수성구 범어동 179번지
A45: 27260-100193891 | B45: 27260 | C45: 두산위브더제니스 | D45: 107동 | E45: 54 | F45: 대구광역시 수성구 범어동 179번지
A46: 27260-100194599 | B46: 27260 | C46: 두산위브더제니스 | D46: 104동 | E46: 53 | F46: 대구광역시 수성구 범어동 179번지
A47: 27260-100194748 | B47: 27260 | C47: 두산위브더제니스 | D47: 105동 | E47: 53 | F47: 대구광역시 수성구 범어동 179번지
A48: 27260-100194307 | B48: 27260 | C48: 두산위브더제니스 | D48: 109동 | E48: 52 | F48: 대구광역시 수성구 범어동 179번지
A49: 27260-100195049 | B49: 27260 | C49: 두산위브더제니스 | D49: 108동 | E49: 52 | F49: 대구광역시 수성구 범어동 179번지
A50: 27260-100194170 | B50: 27260 | C50: 두산위브더제니스 | D50: 103동 | E50: 49 | F50: 대구광역시 수성구 범어동 179번지
A51: 27260-100194043 | B51: 27260 | C51: 두산위브더제니스 | D51: 102동 | E51: 48 | F51: 대구광역시 수성구 범어동 179번지
A52: 27260-100195341 | B52: 27260 | C52: 두산위브더제니스 | D52: 101동 | E52: 48 | F52: 대구광역시 수성구 범어동 179번지
A53: 27290-100200839 | B53: 27290 | C53: 월드마크 웨스트엔드 | D53: 105동 | E53: 45 | F53: 대구광역시 달서구 감삼동 461번지
A54: 27110-19116 | B54: 27110 | C54: 센트로 팰리스 | D54: 102동 | E54: 43 | F54: 대구광역시 중구 대봉동 60-10번지
A55: 27290-100200108 | B55: 27290 | C55: 월드마크 웨스트엔드 | D55: 102동 | E55: 43 | F55: 대구광역시 달서구 감삼동 461번지
A56: 27110-19112 | B56: 27110 | C56: 센트로 팰리스 | D56: 103동 | E56: 43 | F56: 대구광역시 중구 대봉동 60-10번지
A57: 27230-23613 | B57: 27230 | D57: 어린이집 | E57: 43 | F57: 대구광역시 북구 산격동 1449-1번지
A58: 27260-100198711 | B58: 27260 | C58: 수성 SK 리더스뷰 | D58: 102 | E58: 43 | F58: 대구광역시 수성구 두산동 113번지
A59: 27260-100199479 | B59: 27260 | C59: 수성 SK 리더스뷰 | D59: 101 | E59: 43 | F59: 대구광역시 수성구 두산동 113번지
A60: 27260-100199234 | B60: 27260 | C60: 수성 SK 리더스뷰 | D60: 104 | E60: 43 | F60: 대구광역시 수성구 두산동 113번지
A61: 27230-8469 | B61: 27230 | C61: 명성푸르지오 | D61: 102동 | E61: 42 | F61: 대구광역시 북구 침산동 269-10번지
A62: 28185-100175089 | B62: 28185 | C62: 송도 더샵 퍼스트월드 | D62: 1동 | E62: 64 | F62: 인천광역시 연수구 송도동 4-1번지
A63: 28185-100176237 | B63: 28185 | C63: 송도 더샵 퍼스트월드 | D63: 6동 | E63: 64 | F63: 인천광역시 연수구 송도동 4-1번지
A64: 28185-100177497 | B64: 28185 | C64: 송도 더샵 퍼스트월드 | D64: 4동 | E64: 64 | F64: 인천광역시 연수구 송도동 4-1번지
A65: 28185-100176562 | B65: 28185 | C65: 송도 더샵 퍼스트월드 | D65: 3동 | E65: 64 | F65: 인천광역시 연수구 송도동 4-1번지
A66: 28260-100233573 | B66: 28260 | C66: 청라 풍림 엑슬루타워 | D66: 102동 | E66: 55 | F66: 인천광역시 서구 연희동 801-1번지
A67: 28260-100234421 | B67: 28260 | C67: 청라 풍림 엑슬루타워 | D67: 103동 | E67: 55 | F67: 인천광역시 서구 연희동 801-1번지
A68: 28170-100216918 | B68: 28170 | C68: 인천 용현 엑슬루타워 | D68: 103 | E68: 53 | F68: 인천광역시 남구 용현동 659번지
A69: 28170-100209724 | B69: 28170 | C69: 엑슬루타워 | D69: 102동 | E69: 53 | F69: 인천광역시 남구 학익동 732-3번지
A70: 28200-100219933 | B70: 28200 | C70: 에코메트로 9블록 한화 꿈에그린아파트 | D70: 905동 | E70: 50 | F70: 인천광역시 남동구 논현동 블록 소래논현 도시개발지구지구 9블록블록
A71: 28185-100194149 | B71: 28185 | C71: 더샵센트럴파크2 | D71: 203동 | E71: 49 | F71: 인천광역시 연수구 송도동 23-4번지
A72: 28200-100219519 | B72: 28200 | C72: 에코메트로 9블록 한화 꿈에그린아파트 | D72: 904동 | E72: 47 | F72: 인천광역시 남동구 논현동 블록 소래논현 도시개발지구지구 9블록블록
A73: 28170-100217573 | B73: 28170 | C73: 인천 용현 엑슬루타워 | D73: 102 | E73: 47 | F73: 인천광역시 남구 용현동 659번지
A74: 28260-100233882 | B74: 28260 | C74: 청라 풍림 엑슬루타워 | D74: 101동 | E74: 47 | F74: 인천광역시 서구 연희동 801-1번지
A75: 28185-100185388 | B75: 28185 | C75: 더샵센트럴파크1 | D75: 101동 | E75: 47 | F75: 인천광역시 연수구 송도동 23-3번지
A76: 28185-100185866 | B76: 28185 | C76: 더샵센트럴파크1 | D76: 102동 | E76: 47 | F76: 인천광역시 연수구 송도동 23-3번지
A77: 28185-100186083 | B77: 28185 | C77: 더샵센트럴파크1 | D77: 103동 | E77: 47 | F77: 인천광역시 연수구 송도동 23-3번지
A78: 28185-100194845 | B78: 28185 | C78: 송도 센트로드 | D78: 씨동 | E78: 45 | F78: 인천광역시 연수구 송도동 30-3번지
A79: 28170-100217109 | B79: 28170 | C79: 인천 용현 엑슬루타워 | D79: 104 | E79: 44 | F79: 인천광역시 남구 용현동 659번지
A80: 28170-100209536 | B80: 28170 | C80: 엑슬루타워 | D80: 101동 | E80: 43 | F80: 인천광역시 남구 학익동 732-3번지
A81: 28185-100192147 | B81: 28185 | C81: 연수 푸르지오 1단지 | D81: 연수 푸르지오 1단지 | E81: 43 | F81: 인천광역시 연수구 연수동 593-3번지
A82: 29155-100192981 | B82: 29155 | C82: 봉선2차 남양휴튼 | D82: 202동 | E82: 32 | F82: 광주광역시 남구 봉선동 1080번지
A83: 29155-100192727 | B83: 29155 | C83: 봉선2차 남양휴튼 | D83: 203동 | E83: 30 | F83: 광주광역시 남구 봉선동 1080번지
A84: 29140-3014 | B84: 29140 | C84: 케이디비생명보험(주) | E84: 30 | F84: 광주광역시 서구 양동 60-37번지
A85: 29155-100192886 | B85: 29155 | C85: 봉선2차 남양휴튼 | D85: 201동 | E85: 29 | F85: 광주광역시 남구 봉선동 1080번지
A86: 29170-60434 | B86: 29170 | C86: 지에스그린자이1차아파트 | D86: 105동 | E86: 27 | F86: 광주광역시 북구 양산동 776번지
A87: 29170-60433 | B87: 29170 | C87: 지에스그린자이1차아파트 | D87: 106동 | E87: 26 | F87: 광주광역시 북구 양산동 776번지
A88: 29170-100184974 | B88: 29170 | C88: 벽산 블루밍 메가씨티 | D88: 벽산 블루밍 메가씨티 303동 | E88: 26 | F88: 광주광역시 북구 운암동 69번지
A89: 29170-100186829 | B89: 29170 | C89: 벽산 블루밍 메가씨티 | D89: 벽산 블루밍 메가씨티 302동 | E89: 26 | F89: 광주광역시 북구 운암동 69번지
A90: 29170-100187154 | B90: 29170 | C90: 벽산 블루밍 메가씨티 | D90: 벽산 블루밍 메가씨티 307동 | E90: 26 | F90: 광주광역시 북구 운암동 69번지
A91: 29170-100186526 | B91: 29170 | C91: 벽산 블루밍 메가씨티 | D91: 벽산 블루밍 메가씨티 305동 | E91: 26 | F91: 광주광역시 북구 운암동 69번지
A92: 29170-100185510 | B92: 29170 | C92: 벽산 블루밍 메가씨티 | D92: 벽산 블루밍 메가씨티 304동 | E92: 26 | F92: 광주광역시 북구 운암동 69번지
A93: 29170-100185197 | B93: 29170 | C93: 벽산 블루밍 메가씨티 | D93: 벽산 블루밍 메가씨티 204동 | E93: 26 | F93: 광주광역시 북구 운암동 68번지
A94: 29170-100185911 | B94: 29170 | C94: 벽산 블루밍 메가씨티 | D94: 벽산 블루밍 메가씨티 202동 | E94: 26 | F94: 광주광역시 북구 운암동 68번지
A95: 29170-100185371 | B95: 29170 | C95: 벽산 블루밍 메가씨티 | D95: 벽산 블루밍 메가씨티 201동 | E95: 26 | F95: 광주광역시 북구 운암동 68번지
A96: 29170-100185715 | B96: 29170 | C96: 벽산 블루밍 메가씨티 | D96: 벽산 블루밍 메가씨티 205동 | E96: 25 | F96: 광주광역시 북구 운암동 68번지
... A126: 31140-100199371 | B126: 31140 | C126: 태화강 풍림 엑슬루타워 | D126: B동 | E126: 43 | F126: 울산광역시 남구 신정동 1880번지
A127: 31110-100175272 | B127: 31110 | C127: 롯데캐슬 스카이 | E127: 41 | F127: 울산광역시 중구 성남동 255-1번지
A128: 31110-100182579 | B128: 31110 | C128: 진흥 마제스타워 울산Ⅱ | D128: 진흥 마제스타워 울산Ⅱ | E128: 40 | F128: 울산광역시 중구 우정동 172-5번지
A129: 31140-100191126 | B129: 31140 | C129: 삼산동 대성스카이렉스 | D129: 102동 | E129: 40 | F129: 울산광역시 남구 삼산동 1564-1번지
A130: 31140-100191317 | B130: 31140 | C130: 삼산동 대성스카이렉스 | D130: 101동 | E130: 40 | F130: 울산광역시 남구 삼산동 1564-1번지
A131: 31140-100185445 | B131: 31140 | C131: 대공원 코오롱 파크폴리스 | E131: 39 | F131: 울산광역시 남구 신정동 1873번지
A132: 31200-100201663 | B132: 31200 | C132: 월드메르디앙 월드시티 | D132: 109동 | E132: 36 | F132: 울산광역시 북구 매곡동 330-2번지
A133: 31200-100195539 | B133: 31200 | C133: 월드메르디앙 월드시티 | D133: 109동 | E133: 36 | F133: 울산광역시 북구 매곡동 864번지
A134: 31200-100197849 | B134: 31200 | C134: 월드메르디앙 월드시티 | D134: 209동 | E134: 36 | F134: 울산광역시 북구 매곡동 865번지
A135: 31200-100197570 | B135: 31200 | C135: 월드메르디앙 월드시티 | D135: 110동 | E135: 36 | F135: 울산광역시 북구 매곡동 864번지
A136: 31110-100174673 | B136: 31110 | C136: 마제스타워 울산 | D136: 101동 | E136: 35 | F136: 울산광역시 중구 우정동 172번지
A137: 31110-100174939 | B137: 31110 | C137: 마제스타워 울산 | D137: 103동 | E137: 35 | F137: 울산광역시 중구 우정동 172번지
A138: 31110-100174806 | B138: 31110 | C138: 마제스타워 울산 | D138: 102동 | E138: 35 | F138: 울산광역시 중구 우정동 172번지
...

Sheet 8.고층건축물BACKUP(건축+주택)
A1: 구분 | B1: SIGUNGU_CD | C1: F_PLAT_PLC_PRT(X03.SIGUNGU_CD,X03.BJDONG_CD,X03.PLAT_GB_CD,X03.BUN,X03.JI,X03.SPLOT_NM,X03.BLOCK,X03.LOT) | D1: BLD_NM | E1: DONG_NM | F1: GRND_FLR_CNT
A2: 건축 | B2: 11710 | C2: 서울특별시 송파구 신천동 29번지 | D2: 제2롯데월드신축공사 | E2: 제2롯데월드 | F2: 123
A3: 주택 | B3: 26350 | C3: 부산광역시 해운대구 중동 블록 해운대관광리조트 도시개발구역지구 I블록 1로트 | D3: 해운대 관광리조트 | E3: 랜드마크타워 | F3: 108
A4: 건축 | B4: 26110 | C4: 부산광역시 중구 중앙동7가 20-1번지 | D4: 부산롯데타운 | E4: 타워동 | F4: 107
A5: 주택 | B5: 26350 | C5: 부산광역시 해운대구 중동 블록 해운대관광리조트 도시개발구역지구 I블록 1로트 | D5: 해운대 관광리조트 | E5: 주거타워 A동 | F5: 87
A6: 주택 | B6: 26350 | C6: 부산광역시 해운대구 중동 블록 해운대관광리조트 도시개발구역지구 I블록 1로트 | D6: 해운대 관광리조트 | E6: 주거타워 B동 | F6: 87
A7: 건축 | B7: 26290 | C7: 부산광역시 남구 문현동 1229-2번지 | D7: 부산국제금융센터 복합개발사업 | E7: 주건축물제1동 | F7: 63
A8: 주택 | B8: 41287 | C8: 경기도 고양시 일산서구 탄현동 297번지 | D8: 공동주택 | E8: 105 | F8: 59
A9: 주택 | B9: 41287 | C9: 경기도 고양시 일산서구 탄현동 297번지 | D9: 공동주택 | E9: 104 | F9: 57
A10: 주택 | B10: 41287 | C10: 경기도 고양시 일산서구 탄현동 297번지 | D10: 공동주택 | E10: 103 | F10: 55
A11: 주택 | B11: 41287 | C11: 경기도 고양시 일산서구 탄현동 297번지 | D11: 공동주택 | E11: 106 | F11: 54
A12: 주택 | B12: 41287 | C12: 경기도 고양시 일산서구 탄현동 297번지 | D12: 공동주택 | E12: 102 | F12: 54
A13: 주택 | B13: 41287 | C13: 경기도 고양시 일산서구 탄현동 297번지 | D13: 공동주택 | E13: 107 | F13: 53
A14: 주택 | B14: 41287 | C14: 경기도 고양시 일산서구 탄현동 297번지 | D14: 공동주택 | E14: 101 | F14: 53
A15: 주택 | B15: 28200 | C15: 인천광역시 남동구 논현동 블록 소래논현도시개발지구지구 C10블록블록 | D15: 인천 소래논현구역 C10블록 주상복합 신축공사 | E15: A | F15: 51
A16: 주택 | B16: 41287 | C16: 경기도 고양시 일산서구 탄현동 297번지 | D16: 공동주택 | E16: 108 | F16: 51
A17: 건축 | B17: 44200 | C17: 충청남도 아산시 배방읍 장재리 블록 아산배방택지개발사업지구 일반상업지역내 특별계획구역지구 4블록 | D17: 싸이클론타워 | E17: 싸이클론타워 | F17: 51
A18: 건축 | B18: 30200 | C18: 대전광역시 유성구 용산동 579번지 | D18: DTV ST 블럭호텔 | E18: Edifice-WHITE(104) | F18: 50
A19: 주택 | B19: 30230 | C19: 대전광역시 대덕구 석봉동 블록 구)풍한방직 이전적지 도시개발사업지구 A-1블록 | D19: 금강풍림엑슬루타워 | E19: 111동 | F19: 50
A20: 주택 | B20: 30230 | C20: 대전광역시 대덕구 석봉동 블록 구)풍한방직 이전적지 도시개발사업지구 A-1블록 | D20: 금강풍림엑슬루타워 | E20: 110동 | F20: 50
A21: 주택 | B21: 30230 | C21: 대전광역시 대덕구 석봉동 블록 구)풍한방직 이전적지 도시개발사업지구 A-1블록 | D21: 금강풍림엑슬루타워 | E21: 103동 | F21: 50
A22: 주택 | B22: 30230 | C22: 대전광역시 대덕구 석봉동 블록 구)풍한방직 이전적지 도시개발사업지구 A-1블록 | D22: 금강풍림엑슬루타워 | E22: 107동 | F22: 50
A23: 주택 | B23: 30230 | C23: 대전광역시 대덕구 석봉동 블록 구)풍한방직 이전적지 도시개발사업지구 A-1블록 | D23: 금강풍림엑슬루타워 | E23: 105동 | F23: 50
A24: 주택 | B24: 30230 | C24: 대전광역시 대덕구 석봉동 블록 구)풍한방직 이전적지 도시개발사업지구 A-1블록 | D24: 금강풍림엑슬루타워 | E24: 108동 | F24: 50
A25: 주택 | B25: 30230 | C25: 대전광역시 대덕구 석봉동 블록 구)풍한방직 이전적지 도시개발사업지구 A-1블록 | D25: 금강풍림엑슬루타워 | E25: 102동 | F25: 50
A26: 주택 | B26: 30230 | C26: 대전광역시 대덕구 석봉동 블록 구)풍한방직 이전적지 도시개발사업지구 A-1블록 | D26: 금강풍림엑슬루타워 | E26: 106동 | F26: 50
A27: 주택 | B27: 28200 | C27: 인천광역시 남동구 논현동 블록 소래논현도시개발지구지구 C10블록블록 | D27: 인천 소래논현구역 C10블록 주상복합 신축공사 | E27: B | F27: 48
A28: 건축 | B28: 31110 | C28: 울산광역시 중구 성남동 196-21번지 | D28: 성남동주상복합 | E28: A | F28: 48
... A50: 건축 | B50: 48170 | C50: 경상남도 진주시 강남동 181-1번지 | D50: 진주시 강남동 주거복합 | E50: 강남동 주거복합 | F50: 35
A51: 건축 | B51: 31140 | C51: 울산광역시 남구 신정동 1127-3번지 | D51: 남구 신정동 주상복합 | E51: 1 | F51: 33
A52: 건축 | B52: 46130 | C52: 전라남도 여수시 소호동 산 99번지 | D52: 여수오션리조트 | E52: 관광호텔동 | F52: 33
A53: 건축 | B53: 28200 | C53: 인천광역시 남동구 논현동 블록 논현(2)택지개발사업지구상업용지C12-2지구 | D53: 논현2지구 오피스텔 신축공사 | E53: C동 | F53: 32
A54: 건축 | B54: 43710 | C54: 충청북도 청원군 오창읍 양청리 808-2번지 | D54: 오창양청리000호텔 | E54: 오창양청리000호텔 | F54: 32
A55: 건축 | B55: 46110 | C55: 전라남도 목포시 남교동 111-9번지 | D55: 남교동 111-9 공동주택 (한국토지주택공사) | E55: 목포남교주상관복합건축 | F55: 31
A56: 건축 | B56: 46170 | C56: 전라남도 나주시 금천면 블록 광주전남공동혁신 도시개발사업지구지구 이전1블록 | D56: KEPCO 본사 신사옥 | E56: 본관 | F56: 31
A57: 주택 | B57: 46230 | C57: 전라남도 광양시 중동 1601번지 | D57: 대광 로제비앙 2차 아파트 신축공사 | E57: 201 | F57: 30
A58: 건축 | B58: 48170 | C58: 경상남도 진주시 평거동 139-5번지 | D58: 진주 평거동 OO주상복합 신축공사 | E58: 101동 | F58: 30
A59: 주택 | B59: 46230 | C59: 전라남도 광양시 광양읍 용강리 919번지 | E59: 104동 | F59: 28
A60: 주택 | B60: 46230 | C60: 전라남도 광양시 광양읍 용강리 919번지 | E60: 102동 | F60: 28
A61: 주택 | B61: 46230 | C61: 전라남도 광양시 광양읍 용강리 919번지 | E61: 103동 | F61: 28
A62: 주택 | B62: 46230 | C62: 전라남도 광양시 광양읍 용강리 919번지 | E62: 109동 | F62: 28
A63: 주택 | B63: 46230 | C63: 전라남도 광양시 광양읍 용강리 919번지 | E63: 106동 | F63: 28
A64: 주택 | B64: 46230 | C64: 전라남도 광양시 광양읍 용강리 919번지 | E64: 105동 | F64: 28
A65: 건축 | B65: 48310 | C65: 경상남도 거제시 일운면 소동리 115번지 | D65: 대명리조트 거제 | E65: 콘도미니엄A동 | F65: 28
A66: 건축 | B66: 46150 | C66: 전라남도 순천시 덕암동 371-29번지 | D66: 하종배건축물 | E66: 1동 | F66: 27
A67: 주택 | B67: 45111 | C67: 전라북도 전주시 완산구 중동 7-14번지 | D67: 전북 전주완주혁신도시 B-12BL 공동주택 | E67: 102동 | F67: 25
A68: 주택 | B68: 45111 | C68: 전라북도 전주시 완산구 중동 7-14번지 | D68: 전북 전주완주혁신도시 B-12BL 공동주택 | E68: 101동 | F68: 25
A69: 주택 | B69: 45111 | C69: 전라북도 전주시 완산구 중동 7-14번지 | D69: 전북 전주완주혁신도시 B-12BL 공동주택 | E69: 104동 | F69: 25
A70: 주택 | B70: 45111 | C70: 전라북도 전주시 완산구 중동 7-14번지 | D70: 전북 전주완주혁신도시 B-12BL 공동주택 | E70: 106동 | F70: 25
A71: 주택 | B71: 45111 | C71: 전라북도 전주시 완산구 중동 7-14번지 | D71: 전북 전주완주혁신도시 B-12BL 공동주택 | E71: 105동 | F71: 25
A72: 주택 | B72: 45111 | C72: 전라북도 전주시 완산구 중동 7-14번지 | D72: 전북 전주완주혁신도시 B-12BL 공동주택 | E72: 103동 | F72: 25
A73: 주택 | B73: 45113 | C73: 전라북도 전주시 덕진구 장동 7-6번지 | D73: 전북 전주완주혁신도시 B-2BL 공동주택 | E73: 106 | F73: 25
A74: 주택 | B74: 45113 | C74: 전라북도 전주시 덕진구 장동 7-6번지 | D74: 전북 전주완주혁신도시 B-2BL 공동주택 | E74: 101 | F74: 25
A75: 건축 | B75: 46130 | C75: 전라남도 여수시 수정동 332-15번지 | D75: 수정동 332-15 숙박시설 (대명레저산업) | E75: 주건축물제1동 | F75: 25
A76: 건축 | B76: 46840 | C76: 전라남도 무안군 삼향읍 남악리 2104번지 | D76: 더 트리폴리앙 | E76: 주건축물제2동 | F76: 25
A77: 건축 | B77: 46840 | C77: 전라남도 무안군 삼향읍 남악리 2104번지 | D77: 더 트리폴리앙 | E77: 주건축물제1동 | F77: 25
A78: 건축 | B78: 47150 | C78: 경상북도 김천시 남면 블록 김천혁신도시내 지구단위계획구역지구 5블록 9로트 | D78: 한국도로공사 신사옥 건립 | E78: 본관동 | F78: 25
A79: 건축 | B79: 42130 | C79: 강원도 원주시 우산동 86-1번지 | D79: 원주다소미 | E79: 원주다소미 | F79: 23
A80: 건축 | B80: 29140 | C80: 광주광역시 서구 치평동 1176-1번지 | D80: 동양스카이빌 | E80: 동양스카이빌 | F80: 22
A81: 건축 | B81: 50110 | C81: 제주특별자치도 제주시 연동 2324-6번지 | D81: 제주연동 롯데시티호텔 | E81: 주건축물제1동 | F81: 22
A82: 건축 | B82: 45111 | C82: 전라북도 전주시 완산구 효자동3가 1693-5번지 | D82: 효자동3가 1693-5 업무시설 ((유)플러시너) | E82: 주건축물제1동 | F82: 20
A83: 건축 | B83: 47190 | C83: 경상북도 구미시 원평동 1037-14번지 | D83: 노마드레지던스구미 | E83: 노마드레지던스구미 | F83: 20
A84: 건축 | B84: 43113 | C84: 충청북도 청주시 흥덕구 복대동 블록 대농3지구지구 상업2블럭블록 | D84: 복대동 대농3지구 상업2블럭 판매시설 ((주)신영대농개발) | E84: 주건축물제1동 | F84: 18
A85: 건축 | B85: 45111 | C85: 전라북도 전주시 완산구 효자동3가 11번지 | D85: 전라북도청및의회청사 | E85: 도청사및의회청사 | F85: 18
A86: 건축 | B86: 47900 | C86: 경상북도 예천군 예천읍 동본리 548번지 | D86: 동본리 주상복합 | E86: 주건축물제1동 | F86: 18
... A94: 건축 | B94: 43710 | C94: 충청북도 청원군 오창읍 양청리 792-1번지 | D94: 양청리 00오피스텔 신축공사 | E94: 주건축물제1동 | F94: 16

Sheet 5-1. 경과년수별(시도별)
A1: 5-1. 2023년 경과년수별 건축물 현황
A2: [기준] 기타 : 사용승일일(항목) 값 누락 또는 오기
A3: [기준] 10년미만(2015년-2023년), 10년이상-15년미만(2010년-2014년), 15년이상-20년미만(2005년-2009년)
A4: 20년이상-25년미만(2000년-2004년), 25년이상-30년미만(1995년-1999년), 30년이상-35년미만(1990년-1994년), 35년이상(~1989년)
O5: (단위 : 동, ㎡)
B6: 구분 | D6: 합계 | F6: 주거용 | H6: 상업용 | J6: 공업용 | L6: 교육 및 사회용 | N6: 기타
D7: 동수 | E7: 연면적 | F7: 동수 | G7: 연면적 | H7: 동수 | I7: 연면적 | J7: 동수 | K7: 연면적 | L7: 동수 | M7: 연면적 | N7: 동수 | O7: 연면적
B8: 전체 | C8: 합계 | D8: 7391084 | E8: 4.2276607e+09 | F8: 4576735 | G8: 1.9505563e+09 | H8: 1392582 | I8: 9.3468869e+08 | J8: 345087 | K8: 4.6514802e+08 | L8: 203489 | M8: 3.7664541e+08 | N8: 873191 | O8: 5.0062229e+08
C9: 10년미만 | D9: 1178853 | E9: 1.0119716e+09 | F9: 550896 | G9: 4.432101e+08 | H9: 298633 | I9: 2.606841e+08 | J9: 83958 | K9: 1.2141079e+08 | L9: 31073 | M9: 64384983 | N9: 214293 | O9: 1.222816e+08
C10: 10 ~ 15년 미만 | D10: 636450 | E10: 4.8913834e+08 | F10: 314443 | G10: 2.1255684e+08 | H10: 144237 | I10: 1.0236882e+08 | J10: 52951 | K10: 71134100 | L10: 24292 | M10: 48759736 | N10: 100527 | O10: 54318841
C11: 15 ~ 20년 미만 | D11: 555637 | E11: 5.0986053e+08 | F11: 232115 | G11: 2.3527217e+08 | H11: 141454 | I11: 1.0473407e+08 | J11: 50243 | K11: 64036096 | L11: 28832 | M11: 56129681 | N11: 102993 | O11: 49688516
C12: 20 ~ 25년 미만 | D12: 626876 | E12: 5.3599378e+08 | F12: 316292 | G12: 2.6447105e+08 | H12: 152077 | I12: 1.2540835e+08 | J12: 48351 | K12: 51174307 | L12: 26325 | M12: 52708687 | N12: 83831 | O12: 42231380
C13: 25 ~ 30년 미만 | D13: 743422 | E13: 5.8389122e+08 | F13: 399043 | G13: 2.6547915e+08 | H13: 147120 | I13: 1.0431984e+08 | J13: 35366 | K13: 47851445 | L13: 27960 | M13: 52909061 | N13: 133933 | O13: 1.1333173e+08
C14: 30 ~ 35년 미만 | D14: 705941 | E14: 5.000757e+08 | F14: 447007 | G14: 2.5363226e+08 | H14: 139231 | I14: 99552052 | J14: 29088 | K14: 48512475 | L14: 16107 | M14: 27237783 | N14: 74508 | O14: 71141134
C15: 35년 이상 | D15: 2444039 | E15: 5.1637335e+08 | F15: 1934662 | G15: 2.4856399e+08 | H15: 314890 | I15: 1.2720253e+08 | J15: 36521 | K15: 49777728 | L15: 33934 | M15: 54374004 | N15: 124032 | O15: 36455096
C16: 기타 | D16: 499866 | E16: 80356195 | F16: 382277 | G16: 27370715 | H16: 54940 | I16: 10418921 | J16: 8609 | K16: 11251085 | L16: 14966 | M16: 20141474 | N16: 39074 | O16: 11174000
B17: 서울특별시 | C17: 합계 | D17: 579408 | E17: 5.9422332e+08 | F17: 428325 | G17: 3.0847809e+08 | H17: 127876 | I17: 1.8678264e+08 | J17: 2322 | K17: 14552067 | L17: 16367 | M17: 63430315 | N17: 4518 | O17: 20980204
C18: 10년미만 | D18: 52244 | E18: 95584771 | F18: 39334 | G18: 46627352 | H18: 10430 | I18: 32574937 | J18: 190 | K18: 5523317.7 | L18: 1692 | M18: 8525893.6 | N18: 598 | O18: 2333270.4
C19: 10 ~ 15년 미만 | D19: 29492 | E19: 55389229 | F19: 21737 | G19: 26371509 | H19: 5817 | I19: 16751157 | J19: 91 | K19: 2376894.7 | L19: 1417 | M19: 7855157.7 | N19: 430 | O19: 2034510.7
C20: 15 ~ 20년 미만 | D20: 26325 | E20: 70435843 | F20: 17002 | G20: 34093198 | H20: 6992 | I20: 22816703 | J20: 135 | K20: 3059108.6 | L20: 1864 | M20: 8447370.2 | N20: 332 | O20: 2019463.1
C21: 20 ~ 25년 미만 | D21: 55206 | E21: 93375469 | F21: 41974 | G21: 58871383 | H21: 10499 | I21: 22510119 | J21: 209 | K21: 1877062 | L21: 2064 | M21: 7069908.2 | N21: 460 | O21: 3046996.4
C22: 25 ~ 30년 미만 | D22: 53257 | E22: 79175045 | F22: 40550 | G22: 45981813 | H22: 9765 | I22: 18914084 | J22: 96 | K22: 420610.7 | L22: 2326 | M22: 8857580.3 | N22: 520 | O22: 5000956.7
C23: 30 ~ 35년 미만 | D23: 114685 | E23: 74270751 | F23: 93694 | G23: 41701462 | H23: 18893 | I23: 25172126 | J23: 60 | K23: 176304.39 | L23: 1625 | M23: 4869941.3 | N23: 413 | O23: 2350917.5
C24: 35년 이상 | D24: 216858 | E24: 1.2003683e+08 | F24: 152628 | G24: 53377905 | H24: 57159 | I24: 45849392 | J24: 1270 | K24: 968268.85 | L24: 4322 | M24: 15866429 | N24: 1479 | O24: 3974837.2
C25: 기타 | D25: 31341 | E25: 5955376.6 | F25: 21406 | G25: 1453468.1 | H25: 8321 | I25: 2194121.6 | J25: 271 | K25: 150499.86 | L25: 1057 | M25: 1938035.1 | N25: 286 | O25: 219251.94
B26: 부산광역시 | C26: 합계 | D26: 348634 | E26: 2.5584108e+08 | F26: 236696 | G26: 1.2462408e+08 | H26: 73754 | I26: 64595346 | J26: 15784 | K26: 19867250 | L26: 9260 | M26: 23981385 | N26: 13140 | O26: 22773015
C27: 10년미만 | D27: 26162 | E27: 47346526 | F27: 9937 | G27: 23182408 | H27: 11312 | I27: 15027340 | J27: 2761 | K27: 4231365.4 | L27: 912 | M27: 2949785.7 | N27: 1240 | O27: 1955627.6
C28: 10 ~ 15년 미만 | D28: 19246 | E28: 31418460 | F28: 8599 | G28: 13820393 | H28: 6828 | I28: 10263216 | J28: 2273 | K28: 3755408.9 | L28: 783 | M28: 2545749.9 | N28: 763 | O28: 1033692.1
C29: 15 ~ 20년 미만 | D29: 13275 | E29: 27735409 | F29: 3900 | G29: 13611068 | H29: 5029 | I29: 6701209.3 | J29: 2252 | K29: 2773016.5 | L29: 1029 | M29: 3023744.5 | N29: 1065 | O29: 1626370.8
C30: 20 ~ 25년 미만 | D30: 22951 | E30: 30328709 | F30: 11297 | G30: 14950694 | H30: 6551 | I30: 7349275.4 | J30: 2356 | K30: 2983479.4 | L30: 1002 | M30: 2864573 | N30: 1745 | O30: 2180687.2
C31: 25 ~ 30년 미만 | D31: 22159 | E31: 39888356 | F31: 13521 | G31: 18904122 | H31: 5477 | I31: 6350377.5 | J31: 760 | K31: 1242358.4 | L31: 1060 | M31: 2638491.7 | N31: 1341 | O31: 10753006
C32: 30 ~ 35년 미만 | D32: 37129 | E32: 28820658 | F32: 25513 | G32: 16199472 | H32: 8593 | I32: 6827555 | J32: 1195 | K32: 1538833.5 | L32: 912 | M32: 1595594.9 | N32: 916 | O32: 2659202.3
C33: 35년 이상 | D33: 174419 | E33: 46105721 | F33: 137120 | G33: 22498920 | H33: 25938 | I33: 11138355 | J33: 3442 | K33: 2949002.3 | L33: 2934 | M33: 7349287.5 | N33: 4985 | O33: 2170155.6
C34: 기타 | D34: 33293 | E34: 4197241.5 | F34: 26809 | G34: 1457005.6 | H34: 4026 | I34: 938018.06 | J34: 745 | K34: 393785.85 | L34: 628 | M34: 1014158.3 | N34: 1085 | O34: 394273.78
B35: 대구광역시 | C35: 합계 | D35: 256241 | E35: 1.8144026e+08 | F35: 168976 | G35: 95283309 | H35: 54117 | I35: 45453596 | J35: 13375 | K35: 16290192 | L35: 6637 | M35: 16051156 | N35: 13136 | O35: 8362007.8
C36: 10년미만 | D36: 25759 | E36: 40389909 | F36: 12559 | G36: 19572075 | H36: 8502 | I36: 13118460 | J36: 1749 | K36: 3350409.3 | L36: 987 | M36: 2964080.5 | N36: 1962 | O36: 1384884.4
C37: 10 ~ 15년 미만 | D37: 16748 | E37: 16003210 | F37: 8434 | G37: 7500508.5 | H37: 4675 | I37: 3615392.4 | J37: 1710 | K37: 2280203.4 | L37: 668 | M37: 1904109.5 | N37: 1261 | O37: 702996.21
C38: 15 ~ 20년 미만 | D38: 14216 | E38: 22367559 | F38: 6386 | G38: 14491519 | H38: 3952 | I38: 3170844.2 | J38: 1524 | K38: 1715932.7 | L38: 824 | M38: 2081190.5 | N38: 1530 | O38: 908072.95
C39: 20 ~ 25년 미만 | D39: 22306 | E39: 22262755 | F39: 12932 | G39: 12117882 | H39: 4949 | I39: 4800824.7 | J39: 2029 | K39: 1740152.4 | L39: 889 | M39: 2670715.7 | N39: 1507 | O39: 933180.89
C40: 25 ~ 30년 미만 | D40: 25674 | E40: 25650328 | F40: 16333 | G40: 14519580 | H40: 5083 | I40: 5287621.8 | J40: 1226 | K40: 1572686.3 | L40: 1015 | M40: 2386757.5 | N40: 2017 | O40: 1883682.7
C41: 30 ~ 35년 미만 | D41: 37739 | E41: 26674515 | F41: 26981 | G41: 14098561 | H41: 6805 | I41: 7827980.2 | J41: 1934 | K41: 2373155.5 | L41: 680 | M41: 1293533.3 | N41: 1339 | O41: 1081284.7
C42: 35년 이상 | D42: 109689 | E42: 26501636 | F42: 83247 | G42: 12795191 | H42: 19052 | I42: 7442151.4 | J42: 3064 | K42: 3159405.8 | L42: 1191 | M42: 1823727.8 | N42: 3135 | O42: 1281159.6
C43: 기타 | D43: 4110 | E43: 1590348.1 | F43: 2104 | G43: 187992.09 | H43: 1099 | I43: 190321.07 | J43: 139 | K43: 98247.29 | L43: 383 | M43: 927041.21 | N43: 385 | O43: 186746.44
B44: 인천광역시 | C44: 합계 | D44: 221783 | E44: 2.2303799e+08 | F44: 138739 | G44: 1.0741546e+08 | H44: 47743 | I44: 55915629 | J44: 14723 | K44: 25115386 | L44: 6664 | M44: 18087502 | N44: 13914 | O44: 16504017
C45: 10년미만 | D45: 33453 | E45: 62597592 | F45: 16293 | G45: 24715186 | H45: 9682 | I45: 20566241 | J45: 3483 | K45: 7899344.8 | L45: 998 | M45: 3375089.6 | N45: 2997 | O45: 6041730.4
C46: 10 ~ 15년 미만 | D46: 18443 | E46: 28597696 | F46: 10071 | G46: 14734911 | H46: 4104 | I46: 5967860.7 | J46: 1875 | K46: 3074225.4 | L46: 958 | M46: 3366064.7 | N46: 1435 | O46: 1454633.6
C47: 15 ~ 20년 미만 | D47: 17204 | E47: 26203468 | F47: 7782 | G47: 13393344 | H47: 5050 | I47: 6217607.2 | J47: 1615 | K47: 2330633.9 | L47: 919 | M47: 2891631.2 | N47: 1838 | O47: 1370252.5
C48: 20 ~ 25년 미만 | D48: 22366 | E48: 24432646 | F48: 13064 | G48: 11142393 | H48: 5321 | I48: 7728292.4 | J48: 1796 | K48: 2211673 | L48: 835 | M48: 2439917 | N48: 1350 | O48: 910370
C49: 25 ~ 30년 미만 | D49: 19945 | E49: 25812785 | F49: 10958 | G49: 13047257 | H49: 4425 | I49: 4818041.3 | J49: 1415 | K49: 2024777.6 | L49: 1090 | M49: 3036417.5 | N49: 2057 | O49: 2886291.5
C50: 30 ~ 35년 미만 | D50: 28465 | E50: 29768883 | F50: 18784 | G50: 17514424 | H50: 5553 | I50: 4975267.7 | J50: 2168 | K50: 3650140.6 | L50: 576 | M50: 1030532.2 | N50: 1384 | O50: 2598518.6
C51: 35년 이상 | D51: 63022 | E51: 23008473 | F51: 46756 | G51: 11975603 | H51: 11238 | I51: 5163497.4 | J51: 1978 | K51: 3432811.6 | L51: 898 | M51: 1433603.5 | N51: 2152 | O51: 1002958.4
C52: 기타 | D52: 18885 | E52: 2616449.5 | F52: 15031 | G52: 892341.82 | H52: 2370 | I52: 478821.58 | J52: 393 | K52: 491778.73 | L52: 390 | M52: 514245.85 | N52: 701 | O52: 239261.54
B53: 광주광역시 | C53: 합계 | D53: 136197 | E53: 1.1011157e+08 | F53: 89137 | G53: 59857078 | H53: 33625 | I53: 24411788 | J53: 4404 | K53: 8781783.8 | L53: 4056 | M53: 12869132 | N53: 4975 | O53: 4191793.4
C54: 10년미만 | D54: 15462 | E54: 21504895 | F54: 6861 | G54: 11369849 | H54: 5771 | I54: 5424532.5 | J54: 1239 | K54: 2161369.4 | L54: 551 | M54: 1521306.3 | N54: 1040 | O54: 1027837.9
C55: 10 ~ 15년 미만 | D55: 11374 | E55: 12206767 | F55: 5883 | G55: 6020196.7 | H55: 3556 | I55: 2676521.6 | J55: 728 | K55: 1537502.1 | L55: 529 | M55: 1491558.3 | N55: 678 | O55: 480988.52
C56: 15 ~ 20년 미만 | D56: 9234 | E56: 15263501 | F56: 4378 | G56: 9523287.5 | H56: 3035 | I56: 2562888.7 | J56: 512 | K56: 860719.47 | L56: 605 | M56: 1790821.1 | N56: 704 | O56: 525783.64
C57: 20 ~ 25년 미만 | D57: 11326 | E57: 17753609 | F57: 5351 | G57: 8268386.4 | H57: 3917 | I57: 3973020.6 | J57: 719 | K57: 981964.38 | L57: 660 | M57: 3898063.9 | N57: 679 | O57: 632173.88
C58: 25 ~ 30년 미만 | D58: 10936 | E58: 15788332 | F58: 6286 | G58: 8985258 | H58: 3296 | I58: 4014087.8 | J58: 317 | K58: 665186.76 | L58: 534 | M58: 1578644.2 | N58: 503 | O58: 545154.92
C59: 30 ~ 35년 미만 | D59: 14250 | E59: 12628224 | F59: 9142 | G59: 8038158.2 | H59: 4134 | I59: 2499098.7 | J59: 362 | K59: 1036918.5 | L59: 313 | M59: 630107.02 | N59: 299 | O59: 423941.24
C60: 35년 이상 | D60: 46228 | E60: 12270139 | F60: 36966 | G60: 6767117.6 | H60: 7717 | I60: 2837257.1 | J60: 426 | K60: 1256537.2 | L60: 480 | M60: 1018227.6 | N60: 639 | O60: 390999.23
C61: 기타 | D61: 17387 | E61: 2696108.5 | F61: 14270 | G61: 884824.59 | H61: 2199 | I61: 424380.83 | J61: 101 | K61: 281586 | L61: 384 | M61: 940403.12 | N61: 433 | O61: 164913.97
B62: 대전광역시 | C62: 합계 | D62: 131054 | E62: 1.1635192e+08 | F62: 90228 | G62: 57280772 | H62: 27220 | I62: 25161964 | J62: 3028 | K62: 5662874.7 | L62: 5043 | M62: 15094653 | N62: 5535 | O62: 13151653
C63: 10년미만 | D63: 15061 | E63: 17706777 | F63: 9088 | G63: 8625542.3 | H63: 3750 | I63: 4800709 | J63: 641 | K63: 1190600.4 | L63: 698 | M63: 2231665.7 | N63: 884 | O63: 858259.62
C64: 10 ~ 15년 미만 | D64: 9657 | E64: 12263484 | F64: 6159 | G64: 7047684.3 | H64: 2104 | I64: 2532680.1 | J64: 376 | K64: 543112.14 | L64: 541 | M64: 1673873.1 | N64: 477 | O64: 466134.63
C65: 15 ~ 20년 미만 | D65: 8038 | E65: 13208819 | F65: 3769 | G65: 6811767.8 | H65: 2458 | I65: 2835138.2 | J65: 507 | K65: 1078353.2 | L65: 700 | M65: 1976775.6 | N65: 604 | O65: 506784.59
C66: 20 ~ 25년 미만 | D66: 12776 | E66: 15056387 | F66: 7563 | G66: 7023959.8 | H66: 3424 | I66: 4528680.6 | J66: 353 | K66: 610718.09 | L66: 753 | M66: 2254360 | N66: 683 | O66: 638668.86
C67: 25 ~ 30년 미만 | D67: 10779 | E67: 17424756 | F67: 6429 | G67: 7176933.8 | H67: 2465 | I67: 3376320.6 | J67: 295 | K67: 1012299.9 | L67: 617 | M67: 2094192.9 | N67: 973 | O67: 3765008.8
C68: 30 ~ 35년 미만 | D68: 15774 | E68: 24654160 | F68: 9724 | G68: 12630264 | H68: 4385 | I68: 3746757.1 | J68: 261 | K68: 561066.76 | L68: 590 | M68: 1677591.1 | N68: 814 | O68: 6038481
C69: 35년 이상 | D69: 56621 | E69: 13154539 | F69: 46353 | G69: 7568131.1 | H69: 8241 | I69: 3127593.4 | J69: 492 | K69: 442811.24 | L69: 688 | M69: 1494159.3 | N69: 847 | O69: 521844.37
C70: 기타 | D70: 2348 | E70: 2882993.8 | F70: 1143 | G70: 396488.93 | H70: 393 | I70: 214085.5 | J70: 103 | K70: 223913.01 | L70: 456 | M70: 1692035.4 | N70: 253 | O70: 356470.94
B71: 울산광역시 | C71: 합계 | D71: 137107 | E71: 94810829 | F71: 76205 | G71: 44358548 | H71: 31203 | I71: 18547143 | J71: 15113 | K71: 18653920 | L71: 4023 | M71: 7335576.7 | N71: 10563 | O71: 5915641.6
C72: 10년미만 | D72: 20773 | E72: 18573657 | F72: 8499 | G72: 8203416.4 | H72: 6414 | I72: 4630630.6 | J72: 3325 | K72: 3271129.5 | L72: 663 | M72: 1461990.4 | N72: 1872 | O72: 1006490.4
C73: 10 ~ 15년 미만 | D73: 15058 | E73: 13197474 | F73: 7745 | G73: 6795540.6 | H73: 3359 | I73: 1992231.1 | J73: 2417 | K73: 2646790.7 | L73: 414 | M73: 1045086.9 | N73: 1123 | O73: 717824.72
C74: 15 ~ 20년 미만 | D74: 13107 | E74: 12445897 | F74: 5418 | G74: 6037403.7 | H74: 3591 | I74: 2214287.1 | J74: 2012 | K74: 2483743.1 | L74: 703 | M74: 1119967 | N74: 1383 | O74: 590496.34
C75: 20 ~ 25년 미만 | D75: 13740 | E75: 11061223 | F75: 5934 | G75: 5038806 | H75: 4389 | I75: 2861969.2 | J75: 1584 | K75: 1375257.9 | L75: 651 | M75: 1282338.2 | N75: 1182 | O75: 502851.67
C76: 25 ~ 30년 미만 | D76: 16190 | E76: 13042261 | F76: 7583 | G76: 6152837.4 | H76: 4136 | I76: 2456007.2 | J76: 2051 | K76: 2199286.9 | L76: 505 | M76: 726627.38 | N76: 1915 | O76: 1507501.9
C77: 30 ~ 35년 미만 | D77: 16881 | E77: 13711774 | F77: 9564 | G77: 7349004.2 | H77: 3898 | I77: 2291849.1 | J77: 1764 | K77: 2487866.8 | L77: 368 | M77: 615802.92 | N77: 1287 | O77: 967250.58
C78: 35년 이상 | D78: 34901 | E78: 11571791 | F78: 26491 | G78: 4411079.6 | H78: 4976 | I78: 2036506.3 | J78: 1882 | K78: 4029275.7 | L78: 409 | M78: 600478.82 | N78: 1143 | O78: 494450.52
C79: 기타 | D79: 6457 | E79: 1206752.3 | F79: 4971 | G79: 370460.1 | H79: 440 | I79: 63662.141 | J79: 78 | K79: 160569.36 | L79: 310 | M79: 483285.18 | N79: 658 | O79: 128775.49
B80: 세종특별자치시 | C80: 합계 | D80: 35383 | E80: 31939700 | F80: 19428 | G80: 16035868 | H80: 6833 | I80: 5875166.6 | J80: 2064 | K80: 2982271.5 | L80: 1040 | M80: 3300221.3 | N80: 6018 | O80: 3746172.5
C81: 10년미만 | D81: 8754 | E81: 17941619 | F81: 4122 | G81: 9961185.6 | H81: 2571 | I81: 4109596.4 | J81: 456 | K81: 839006.46 | L81: 334 | M81: 1905996.7 | N81: 1271 | O81: 1125833.7
C82: 10 ~ 15년 미만 | D82: 4344 | E82: 6450818.1 | F82: 1990 | G82: 3394075.6 | H82: 957 | I82: 844230.08 | J82: 369 | K82: 455182.62 | L82: 150 | M82: 666542.13 | N82: 878 | O82: 1090787.7
C83: 15 ~ 20년 미만 | D83: 2554 | E83: 1375417.5 | F83: 855 | G83: 669844.34 | H83: 556 | I83: 183999.49 | J83: 217 | K83: 132530.77 | L83: 117 | M83: 127864.92 | N83: 809 | O83: 261178
C84: 20 ~ 25년 미만 | D84: 2935 | E84: 1584415 | F84: 1183 | G84: 446673.42 | H84: 563 | I84: 171201.27 | J84: 278 | K84: 424019.55 | L84: 95 | M84: 119160.32 | N84: 816 | O84: 423360.46
C85: 25 ~ 30년 미만 | D85: 3759 | E85: 1681743.2 | F85: 1745 | G85: 537968.1 | H85: 662 | I85: 209861.01 | J85: 280 | K85: 484136.12 | L85: 95 | M85: 116597.71 | N85: 977 | O85: 333180.26
C86: 30 ~ 35년 미만 | D86: 2486 | E86: 1057108.5 | F86: 1282 | G86: 324656.92 | H86: 406 | I86: 130628.38 | J86: 178 | K86: 204201.95 | L86: 103 | M86: 148382.23 | N86: 517 | O86: 249239.02
C87: 35년 이상 | D87: 9537 | E87: 1528980.2 | F87: 7653 | G87: 648174.84 | H87: 1000 | I87: 200379.34 | J87: 224 | K87: 362086.88 | L87: 89 | M87: 98525.26 | N87: 571 | O87: 219813.85
C88: 기타 | D88: 1014 | E88: 319598.23 | F88: 598 | G88: 53288.92 | H88: 118 | I88: 25270.625 | J88: 62 | K88: 81107.175 | L88: 57 | M88: 117152.02 | N88: 179 | O88: 42779.49
B89: 경기도 | C89: 합계 | D89: 1265969 | E89: 1.1085574e+09 | F89: 659642 | G89: 5.0265909e+08 | H89: 296848 | I89: 2.2877838e+08 | J89: 114900 | K89: 1.3591984e+08 | L89: 37213 | M89: 84771583 | N89: 157366 | O89: 1.5642847e+08
C90: 10년미만 | D90: 305415 | E90: 3.2462315e+08 | F90: 132163 | G90: 1.41192e+08 | H90: 92817 | I90: 84601029 | J90: 31877 | K90: 46305445 | L90: 6296 | M90: 16712040 | N90: 42262 | O90: 35812641
C91: 10 ~ 15년 미만 | D91: 135444 | E91: 1.2631656e+08 | F91: 60485 | G91: 56629022 | H91: 36528 | I91: 24982900 | J91: 16816 | K91: 20147817 | L91: 4695 | M91: 12282268 | N91: 16920 | O91: 12274553
C92: 15 ~ 20년 미만 | D92: 132649 | E92: 1.3375526e+08 | F92: 48752 | G92: 61873319 | H92: 39994 | I92: 28056363 | J92: 20030 | K92: 19245383 | L92: 6176 | M92: 14609719 | N92: 17697 | O92: 9970472.8
C93: 20 ~ 25년 미만 | D93: 150800 | E93: 1.6106577e+08 | F93: 66003 | G93: 81482073 | H93: 36185 | I93: 35358650 | J93: 21267 | K93: 18615416 | L93: 5392 | M93: 13325613 | N93: 21953 | O93: 12284019
C94: 25 ~ 30년 미만 | D94: 137276 | E94: 1.5897577e+08 | F94: 68983 | G94: 66988491 | H94: 29171 | I94: 23732591 | J94: 10440 | K94: 10709314 | L94: 5535 | M94: 12683257 | N94: 23147 | O94: 44862122
C95: 30 ~ 35년 미만 | D95: 114792 | E95: 1.2473328e+08 | F95: 70468 | G95: 62164009 | H95: 21437 | I95: 16908457 | J95: 6066 | K95: 7563428.5 | L95: 2668 | M95: 4824763.4 | N95: 14153 | O95: 33272620
C96: 35년 이상 | D96: 202207 | E96: 62267655 | F96: 148766 | G96: 27027340 | H96: 31279 | I96: 13289664 | J96: 6424 | K96: 11471981 | L96: 3630 | M96: 5617294.3 | N96: 12108 | O96: 4861374.8
C97: 기타 | D97: 87386 | E97: 16819927 | F97: 64022 | G97: 5302842.1 | H97: 9437 | I97: 1848729.1 | J97: 1980 | K97: 1861059.8 | L97: 2821 | M97: 4716629 | N97: 9126 | O97: 3090666.7
B98: 강원특별자치도 | C98: 합계 | D98: 437539 | E98: 1.4583537e+08 | F98: 278327 | G98: 64847506 | H98: 79287 | I98: 33239229 | J98: 7559 | K98: 7464148.8 | L98: 14249 | M98: 17151380 | N98: 58117 | O98: 23133107
C99: 10년미만 | D99: 79937 | E99: 34974589 | F99: 40343 | G99: 15762413 | H99: 18099 | I99: 8402218.6 | J99: 1740 | K99: 1831518.2 | L99: 2473 | M99: 2397682.1 | N99: 17282 | O99: 6580757.4
C100: 10 ~ 15년 미만 | D100: 36295 | E100: 14369878 | F100: 19130 | G100: 5327078.4 | H100: 7206 | I100: 2927296.4 | J100: 956 | K100: 914099.05 | L100: 1779 | M100: 1870980.6 | N100: 7224 | O100: 3330423.4
...

Sheet 5-2. 30년이상 건축물(시군구별) 
A1: 5-2. 2023년 30년이상 건축물 현황(시군구별)
A2: [기준] 30년 이상 건축물 : 사용승인 30년이상 경과(~1994년)
I3: (단위 : ㎡)
B4: 시도 | C4: 시군구 | D4: 전체 건축물 | G4: 주거용 건축물
D5: 연면적 | E5: 30년 이상 건축물 연면적 | F5: 노후 건축물 비율(%) | G5: 연면적 | H5: 30년 이상 건축물 연면적 | I5: 노후 건축물 비율(%)
B6: 서울 | C6: 종로구 | D6: 19667796 | E6: 8970552.7 | F6: =E6/D6 -> 0.45610362 | G6: 5067119.8 | H6: 1664178.2 | I6: =H6/G6 -> 0.32842684
B7: 서울 | C7: 중구 | D7: 22465284 | E7: 9888314.5 | F7: =E7/D7 -> 0.44015978 | G7: 4577012 | H7: 1094010.6 | I7: =H7/G7 -> 0.23902287
B8: 서울 | C8: 용산구 | D8: 17734347 | E8: 6522356.5 | F8: =E8/D8 -> 0.36778103 | G8: 8877857.2 | H8: 3171784.4 | I8: =H8/G8 -> 0.35726914
B9: 서울 | C9: 성동구 | D9: 19934802 | E9: 5319703.8 | F9: =E9/D9 -> 0.26685512 | G9: 9364345.5 | H9: 2584260.9 | I9: =H9/G9 -> 0.27596813
B10: 서울 | C10: 광진구 | D10: 17097833 | E10: 5937988.2 | F10: =E10/D10 -> 0.34729478 | G10: 9971910.5 | H10: 3302419.7 | I10: =H10/G10 -> 0.33117222
B11: 서울 | C11: 동대문구 | D11: 19004726 | E11: 6301304.4 | F11: =E11/D11 -> 0.33156513 | G11: 10433954 | H11: 2767343.4 | I11: =H11/G11 -> 0.26522479
B12: 서울 | C12: 중랑구 | D12: 22167195 | E12: 5418116.4 | F12: =E12/D12 -> 0.24442048 | G12: 14191795 | H12: 3464884.6 | I12: =H12/G12 -> 0.24414703
B13: 서울 | C13: 성북구 | D13: 21591756 | E13: 5614063.3 | F13: =E13/D13 -> 0.26000957 | G13: 14285216 | H13: 3129073.4 | I13: =H13/G13 -> 0.21904278
B14: 서울 | C14: 강북구 | D14: 12826476 | E14: 5127326.7 | F14: =E14/D14 -> 0.39974555 | G14: 8561701.1 | H14: 3328256.7 | I14: =H14/G14 -> 0.38873778
B15: 서울 | C15: 도봉구 | D15: 15932860 | E15: 5999687.7 | F15: =E15/D15 -> 0.37656063 | G15: 10149854 | H15: 4391814.6 | I15: =H15/G15 -> 0.43269733
B16: 서울 | C16: 노원구 | D16: 22673444 | E16: 10702770 | F16: =E16/D16 -> 0.47203986 | G16: 15807225 | H16: 7956595.5 | I16: =H16/G16 -> 0.50335181
B17: 서울 | C17: 은평구 | D17: 20812060 | E17: 5486688.7 | F17: =E17/D17 -> 0.26363025 | G17: 14383417 | H17: 3645033.1 | I17: =H17/G17 -> 0.25341914
... B80: 울산 | C80: 울주군 | D80: 23758512 | E80: 4259565.8 | F80: =E80/D80 -> 0.17928588 | G80: 8761591.6 | H80: 1732548.7 | I80: =H80/G80 -> 0.19774361
B81: 세종 | D81: 31939700 | E81: 2586088.7 | F81: =E81/D81 -> 0.080967846 | G81: 16035868 | H81: 972831.76 | I81: =H81/G81 -> 0.060665988
B82: 경기 | C82: 수원시 장안구 | D82: 14351073 | E82: 3617197.9 | F82: =E82/D82 -> 0.2520507 | G82: 9234494.4 | H82: 2117118.3 | I82: =H82/G82 -> 0.22926196
B83: 경기 | C83: 수원시 권선구 | D83: 22456259 | E83: 3345328.7 | F83: =E83/D83 -> 0.14897089 | G83: 13029104 | H83: 2239497.8 | I83: =H83/G83 -> 0.17188425
B84: 경기 | C84: 수원시 팔달구 | D84: 13606402 | E84: 3945437.2 | F84: =E84/D84 -> 0.28996917 | G84: 6549463.1 | H84: 1717862.3 | I84: =H84/G84 -> 0.26229055
B85: 경기 | C85: 수원시 영통구 | D85: 28283351 | E85: 3180737.8 | F85: =E85/D85 -> 0.11245972 | G85: 12763090 | H85: 1663993.5 | I85: =H85/G85 -> 0.13037544
B86: 경기 | C86: 성남시 수정구 | D86: 13922632 | E86: 3388500.7 | F86: =E86/D86 -> 0.24338076 | G86: 6734816.9 | H86: 1965900.3 | I86: =H86/G86 -> 0.29190107
B87: 경기 | C87: 성남시 중원구 | D87: 12755613 | E87: 3763440.1 | F87: =E87/D87 -> 0.29504188 | G87: 6133313.7 | H87: 2180742.5 | I87: =H87/G87 -> 0.35555699
B88: 경기 | C88: 성남시 분당구 | D88: 63820015 | E88: 29864392 | F88: =E88/D88 -> 0.46794712 | G88: 22543218 | H88: 11582972 | I88: =H88/G88 -> 0.51381183
B89: 경기 | C89: 의정부시 | D89: 25549268 | E89: 5244510.7 | F89: =E89/D89 -> 0.20527049 | G89: 15412294 | H89: 3195101.5 | I89: =H89/G89 -> 0.20730863
B90: 경기 | C90: 안양시 만안구 | D90: 13449042 | E90: 4214755.6 | F90: =E90/D90 -> 0.31338704 | G90: 7032184.8 | H90: 1921643.8 | I90: =H90/G90 -> 0.27326412
B91: 경기 | C91: 안양시 동안구 | D91: 21644106 | E91: 7650269.2 | F91: =E91/D91 -> 0.35345738 | G91: 10242240 | H91: 4821699 | I91: =H91/G91 -> 0.47076605
B92: 경기 | C92: 부천시 | D92: 54335959 | E92: 18581923 | F92: =E92/D92 -> 0.34198205 | G92: 25536864 | H92: 9014931.6 | I92: =H92/G92 -> 0.35301639
B93: 경기 | C93: 광명시 | D93: 16273159 | E93: 5791378.4 | F93: =E93/D93 -> 0.35588533 | G93: 9038913.5 | H93: 3628353.3 | I93: =H93/G93 -> 0.40141476
... B255: 제주 | C255: 서귀포시 | D255: 20391188 | E255: 4171865.5 | F255: =E255/D255 -> 0.20459158 | G255: 7470531.6 | H255: 1923802.7 | I255: =H255/G255 -> 0.25751885

Sheet 6. 말소
A1: =목차!B9 -> 6. 2023년 말소 건축물 용도별 현황
A2: [기준] 기타 : 사용승일일(항목) 값 누락 또는 오기
A3: [기준] 기간산출방식 : 말소일 - 사용승인일
A4: [기준] 10년미만(2015년-2023년), 10년이상-15년미만(2010년-2014년), 15년이상-20년미만(2005년-2009년)
A5: 20년이상-25년미만(2000년-2004년), 25년이상-30년미만(1995년-1999년), 30년이상-35년미만(1990년-1994년), 35년이상(~1989년)
O6: (단위 : 동, ㎡)
B7: 구분 | D7: 합계 | F7: 주거용 | H7: 상업용 | J7: 공업용 | L7: 교육 및 사회용 | N7: 기타
D8: 동수 | E8: 연면적 | F8: 동수 | G8: 연면적 | H8: 동수 | I8: 연면적 | J8: 동수 | K8: 연면적 | L8: 동수 | M8: 연면적 | N8: 동수 | O8: 연면적
B9: 전체 | C9: 합계 | D9: 47701 | E9: 10640986 | F9: 32207 | G9: 4745262.9 | H9: 8838 | I9: 3168407.7 | J9: 1259 | K9: 923184.67 | L9: 593 | M9: 460867.34 | N9: 4804 | O9: 1343263.8
C10: 10년미만 | D10: 1937 | E10: 656498.53 | F10: 515 | G10: 290065.46 | H10: 777 | I10: 201753.43 | J10: 66 | K10: 35013.72 | L10: 21 | M10: 31923.44 | N10: 558 | O10: 97742.472
C11: 10 ~ 15년 미만 | D11: 1489 | E11: 373439.35 | F11: 417 | G11: 72640.336 | H11: 631 | I11: 164806.52 | J11: 72 | K11: 35582.98 | L11: 33 | M11: 14525.844 | N11: 336 | O11: 85883.67
C12: 15 ~ 20년 미만 | D12: 2213 | E12: 740837.47 | F12: 707 | G12: 145938.48 | H12: 854 | I12: 305380.46 | J12: 125 | K12: 104903.29 | L12: 49 | M12: 61184.13 | N12: 478 | O12: 123431.12
C13: 20 ~ 25년 미만 | D13: 2989 | E13: 1103109.9 | F13: 1113 | G13: 281689.66 | H13: 966 | I13: 425268.41 | J13: 185 | K13: 117346.38 | L13: 71 | M13: 49495.459 | N13: 654 | O13: 229309.98
C14: 25 ~ 30년 미만 | D14: 4274 | E14: 1341065.3 | F14: 1933 | G14: 400342.73 | H14: 1202 | I14: 462998.43 | J14: 185 | K14: 115265.1 | L14: 123 | M14: 92639.772 | N14: 831 | O14: 269819.27
C15: 30 ~ 35년 미만 | D15: 4645 | E15: 1520688.5 | F15: 3021 | G15: 661561.01 | H15: 956 | I15: 482615.92 | J15: 158 | K15: 169818.44 | L15: 71 | M15: 41251.597 | N15: 439 | O15: 165441.49
C16: 35년 이상 | D16: 18177 | E16: 3961681.3 | F16: 14468 | G16: 2299504.3 | H16: 2534 | I16: 998001.92 | J16: 361 | K16: 304427.58 | L16: 147 | M16: 138323.97 | N16: 667 | O16: 221423.54
C17: 기타 | D17: 11977 | E17: 943666.1 | F17: 10033 | G17: 593520.88 | H17: 918 | I17: 127582.63 | J17: 107 | K17: 40827.17 | L17: 78 | M17: 31523.13 | N17: 841 | O17: 150212.3
B18: 서울특별시 | C18: 합계 | D18: 4789 | E18: 2130368.1 | F18: 3416 | G18: 1129880.4 | H18: 1221 | I18: 822674.83 | J18: 39 | K18: 39676.378 | L18: 59 | M18: 83951.415 | N18: 54 | O18: 54185.156
C19: 10년미만 | D19: 27 | E19: 31178.709 | F19: 15 | G19: 18708.098 | H19: 11 | I19: 12207.651 | J19: 0 | K19: 0 | L19: 1 | M19: 262.96 | N19: 0 | O19: 0
C20: 10 ~ 15년 미만 | D20: 41 | E20: 16655.44 | F20: 9 | G20: 3293.08 | H20: 31 | I20: 12867.64 | J20: 0 | K20: 0 | L20: 0 | M20: 0 | N20: 1 | O20: 494.72
C21: 15 ~ 20년 미만 | D21: 88 | E21: 74800.118 | F21: 35 | G21: 10426.81 | H21: 47 | I21: 56241.95 | J21: 2 | K21: 5189.538 | L21: 1 | M21: 2003 | N21: 3 | O21: 938.82
C22: 20 ~ 25년 미만 | D22: 195 | E22: 121378.02 | F22: 109 | G22: 54259.993 | H22: 80 | I22: 62534.74 | J22: 1 | K22: 1797.12 | L22: 4 | M22: 1755.6 | N22: 1 | O22: 1030.57
C23: 25 ~ 30년 미만 | D23: 462 | E23: 225887.45 | F23: 336 | G23: 106076.98 | H23: 115 | I23: 101485.54 | J23: 0 | K23: 1270.05 | L23: 8 | M23: 10226.325 | N23: 3 | O23: 6828.56
C24: 30 ~ 35년 미만 | D24: 879 | E24: 364690.2 | F24: 736 | G24: 221919.84 | H24: 131 | I24: 132282.22 | J24: 1 | K24: 1490.5 | L24: 8 | M24: 3817.31 | N24: 3 | O24: 5180.336
C25: 35년 이상 | D25: 2773 | E25: 1266263 | F25: 1993 | G25: 704698.09 | H25: 687 | I25: 430823.88 | J25: 30 | K25: 28677.33 | L25: 36 | M25: 65091.36 | N25: 27 | O25: 36972.34
C26: 기타 | D26: 324 | E26: 29515.2 | F26: 183 | G26: 10497.47 | H26: 119 | I26: 14231.22 | J26: 5 | K26: 1251.84 | L26: 1 | M26: 794.86 | N26: 16 | O26: 2739.81
B27: 부산광역시 | C27: 합계 | D27: 3676 | E27: 760198.49 | F27: 2547 | G27: 346241.44 | H27: 663 | I27: 266673.3 | J27: 55 | K27: 32762.733 | L27: 28 | M27: 26647.555 | N27: 383 | O27: 87873.456
C28: 10년미만 | D28: 48 | E28: 25572.013 | F28: 16 | G28: 2349.11 | H28: 22 | I28: 12207.713 | J28: 0 | K28: 0 | L28: 4 | M28: 4504.68 | N28: 6 | O28: 6510.51
C29: 10 ~ 15년 미만 | D29: 149 | E29: 48761.049 | F29: 38 | G29: 8507.4711 | H29: 100 | I29: 34436.178 | J29: 2 | K29: 2582.24 | L29: 0 | M29: 0 | N29: 9 | O29: 3235.16
C30: 15 ~ 20년 미만 | D30: 201 | E30: 76729.12 | F30: 38 | G30: 6976.58 | H30: 124 | I30: 45855.105 | J30: 1 | K30: 2703.18 | L30: 3 | M30: 8597.72 | N30: 35 | O30: 12596.535
C31: 20 ~ 25년 미만 | D31: 228 | E31: 87235.99 | F31: 79 | G31: 18132.785 | H31: 57 | I31: 36242.09 | J31: 4 | K31: 4101.12 | L31: 1 | M31: 1081.08 | N31: 87 | O31: 27678.915
C32: 25 ~ 30년 미만 | D32: 233 | E32: 73291.026 | F32: 153 | G32: 33856.497 | H32: 39 | I32: 26333.549 | J32: 2 | K32: 259.2 | L32: 7 | M32: 5623.06 | N32: 32 | O32: 7218.72
C33: 30 ~ 35년 미만 | D33: 317 | E33: 74750.93 | F33: 230 | G33: 35936.085 | H33: 65 | I33: 30820.565 | J33: 3 | K33: 1953.31 | L33: 2 | M33: 2931.06 | N33: 17 | O33: 3109.91
C34: 35년 이상 | D34: 1676 | E34: 329054.31 | F34: 1392 | G34: 209930.45 | H34: 210 | I34: 74603.181 | J34: 34 | K34: 19441.173 | L34: 6 | M34: 3314.955 | N34: 34 | O34: 21764.546
C35: 기타 | D35: 824 | E35: 44804.055 | F35: 601 | G35: 30552.465 | H35: 46 | I35: 6174.92 | J35: 9 | K35: 1722.51 | L35: 5 | M35: 595 | N35: 163 | O35: 5759.16
B36: 대구광역시 | C36: 합계 | D36: 1945 | E36: 812033.28 | F36: 1383 | G36: 430011.36 | H36: 383 | I36: 242982.21 | J36: 72 | K36: 58367.99 | L36: 20 | M36: 23955.035 | N36: 87 | O36: 56716.677
C37: 10년미만 | D37: 61 | E37: 174275.18 | F37: 19 | G37: 118238.34 | H37: 29 | I37: 47926.005 | J37: 1 | K37: 313.2 | L37: 2 | M37: 3130.96 | N37: 10 | O37: 4666.672
C38: 10 ~ 15년 미만 | D38: 57 | E38: 26751.23 | F38: 9 | G38: 5612.215 | H38: 37 | I38: 15205.965 | J38: 2 | K38: 1085.7 | L38: 2 | M38: 3610.09 | N38: 7 | O38: 1237.26
C39: 15 ~ 20년 미만 | D39: 39 | E39: 9217.4 | F39: 10 | G39: 1855.91 | H39: 23 | I39: 6501.58 | J39: 0 | K39: 0 | L39: 0 | M39: 0 | N39: 6 | O39: 859.91
C40: 20 ~ 25년 미만 | D40: 99 | E40: 107939.82 | F40: 47 | G40: 20781.696 | H40: 32 | I40: 52617.28 | J40: 2 | K40: 2288.36 | L40: 1 | M40: 1663.53 | N40: 17 | O40: 30588.95
C41: 25 ~ 30년 미만 | D41: 169 | E41: 49362.387 | F41: 115 | G41: 18866.287 | H41: 28 | I41: 20347.84 | J41: 11 | K41: 5206.53 | L41: 3 | M41: 2533.58 | N41: 12 | O41: 2408.15
C42: 30 ~ 35년 미만 | D42: 182 | E42: 71887.18 | F42: 108 | G42: 23044.075 | H42: 51 | I42: 28738.83 | J42: 17 | K42: 13606.39 | L42: 4 | M42: 4043.685 | N42: 2 | O42: 2454.2
C43: 35년 이상 | D43: 1131 | E43: 356924.63 | F43: 913 | G43: 233914.2 | H43: 150 | I43: 66423.52 | J43: 36 | K43: 35567.29 | L43: 7 | M43: 8939.24 | N43: 25 | O43: 12080.385
C44: 기타 | D44: 207 | E44: 15675.45 | F44: 162 | G44: 7698.64 | H44: 33 | I44: 5221.19 | J44: 3 | K44: 300.52 | L44: 1 | M44: 33.95 | N44: 8 | O44: 2421.15
B45: 인천광역시 | C45: 합계 | D45: 1539 | E45: 545880.14 | F45: 1078 | G45: 261582.89 | H45: 252 | I45: 114837.38 | J45: 105 | K45: 110213.9 | L45: 20 | M45: 19532.442 | N45: 84 | O45: 39713.53
C46: 10년미만 | D46: 59 | E46: 112995.28 | F46: 17 | G46: 97885.153 | H46: 17 | I46: 6577.6909 | J46: 7 | K46: 4785.41 | L46: 0 | M46: 0 | N46: 18 | O46: 3747.03
C47: 10 ~ 15년 미만 | D47: 23 | E47: 9518.68 | F47: 4 | G47: 582.4 | H47: 10 | I47: 4724.61 | J47: 2 | K47: 1744.3 | L47: 0 | M47: 0 | N47: 7 | O47: 2467.37
C48: 15 ~ 20년 미만 | D48: 47 | E48: 27724.12 | F48: 13 | G48: 4902.965 | H48: 18 | I48: 11458.145 | J48: 8 | K48: 9756.12 | L48: 1 | M48: 623 | N48: 7 | O48: 983.89
C49: 20 ~ 25년 미만 | D49: 87 | E49: 30627.2 | F49: 49 | G49: 17409.53 | H49: 25 | I49: 7765.07 | J49: 3 | K49: 2897.94 | L49: 1 | M49: 264.56 | N49: 9 | O49: 2290.1
C50: 25 ~ 30년 미만 | D50: 116 | E50: 50633.776 | F50: 46 | G50: 11060.788 | H50: 45 | I50: 17657.528 | J50: 8 | K50: 8363.61 | L50: 7 | M50: 10264.56 | N50: 10 | O50: 3287.29
C51: 30 ~ 35년 미만 | D51: 169 | E51: 103934.38 | F51: 118 | G51: 35340.8 | H51: 28 | I51: 15831.888 | J51: 11 | K51: 34144.73 | L51: 3 | M51: 1948.7 | N51: 9 | O51: 16668.26
C52: 35년 이상 | D52: 752 | E52: 187547.02 | F52: 581 | G52: 80419.823 | H52: 88 | I52: 48422.176 | J52: 61 | K52: 47649.615 | L52: 8 | M52: 6431.622 | N52: 14 | O52: 4623.78
C53: 기타 | D53: 286 | E53: 22899.684 | F53: 250 | G53: 13981.434 | H53: 21 | I53: 2400.27 | J53: 5 | K53: 872.17 | L53: 0 | M53: 0 | N53: 10 | O53: 5645.81
B54: 광주광역시 | C54: 합계 | D54: 1041 | E54: 190237.02 | F54: 755 | G54: 83906.428 | H54: 229 | I54: 65062.439 | J54: 4 | K54: 1257.55 | L54: 20 | M54: 28206.19 | N54: 33 | O54: 11804.41
C55: 10년미만 | D55: 30 | E55: 9159.9097 | F55: 16 | G55: 5453.8681 | H55: 11 | I55: 3466.7516 | J55: 0 | K55: 0 | L55: 0 | M55: 0 | N55: 3 | O55: 239.29
C56: 10 ~ 15년 미만 | D56: 19 | E56: 3722.97 | F56: 8 | G56: 1719.425 | H56: 9 | I56: 1571.915 | J56: 0 | K56: 0 | L56: 0 | M56: 0 | N56: 2 | O56: 431.63
C57: 15 ~ 20년 미만 | D57: 46 | E57: 10637.66 | F57: 8 | G57: 976.71 | H57: 29 | I57: 7288.26 | J57: 0 | K57: 0 | L57: 2 | M57: 982.37 | N57: 7 | O57: 1390.32
C58: 20 ~ 25년 미만 | D58: 48 | E58: 14536.945 | F58: 18 | G58: 3214.068 | H58: 23 | I58: 5839.237 | J58: 0 | K58: 0 | L58: 5 | M58: 5094.21 | N58: 2 | O58: 389.43
C59: 25 ~ 30년 미만 | D59: 83 | E59: 46359.415 | F59: 43 | G59: 11061.885 | H59: 32 | I59: 15642.6 | J59: 0 | K59: 344.39 | L59: 6 | M59: 18794.48 | N59: 2 | O59: 516.06
C60: 30 ~ 35년 미만 | D60: 102 | E60: 29524.47 | F60: 61 | G60: 10364.525 | H60: 35 | I60: 12957.345 | J60: 1 | K60: 195.84 | L60: 2 | M60: 1542.43 | N60: 3 | O60: 4464.33
C61: 35년 이상 | D61: 374 | E61: 52612.772 | F61: 303 | G61: 34440.582 | H61: 60 | I61: 13438.74 | J61: 2 | K61: 610.89 | L61: 4 | M61: 1135.92 | N61: 5 | O61: 2986.64
C62: 기타 | D62: 339 | E62: 23682.875 | F62: 298 | G62: 16675.365 | H62: 30 | I62: 4857.59 | J62: 1 | K62: 106.43 | L62: 1 | M62: 656.78 | N62: 9 | O62: 1386.71
B63: 대전광역시 | C63: 합계 | D63: 1324 | E63: 312976.3 | F63: 1029 | G63: 151245.18 | H63: 255 | I63: 135501.96 | J63: 7 | K63: 2468.81 | L63: 14 | M63: 17130.834 | N63: 19 | O63: 6629.514
C64: 10년미만 | D64: 22 | E64: 7546.87 | F64: 13 | G64: 2279.885 | H64: 7 | I64: 4982.475 | J64: 0 | K64: 0 | L64: 0 | M64: 0 | N64: 2 | O64: 284.51
C65: 10 ~ 15년 미만 | D65: 21 | E65: 10331.53 | F65: 11 | G65: 4394.21 | H65: 8 | I65: 5581.32 | J65: 0 | K65: 0 | L65: 0 | M65: 0 | N65: 2 | O65: 356
C66: 15 ~ 20년 미만 | D66: 81 | E66: 31496.935 | F66: 42 | G66: 10539.87 | H66: 37 | I66: 20283.165 | J66: 1 | K66: 569.79 | L66: 0 | M66: 0 | N66: 1 | O66: 104.11
C67: 20 ~ 25년 미만 | D67: 128 | E67: 67976.535 | F67: 88 | G67: 22498.043 | H67: 37 | I67: 37522.07 | J67: 0 | K67: 0 | L67: 2 | M67: 7815.8222 | N67: 1 | O67: 140.6
C68: 25 ~ 30년 미만 | D68: 107 | E68: 32940.35 | F68: 65 | G68: 15812.148 | H68: 34 | I68: 13552.232 | J68: 0 | K68: 0 | L68: 5 | M68: 2563.9 | N68: 3 | O68: 1012.07
C69: 30 ~ 35년 미만 | D69: 138 | E69: 47557.962 | F69: 80 | G69: 16799.074 | H69: 50 | I69: 27407.722 | J69: 0 | K69: 0 | L69: 3 | M69: 1912.412 | N69: 5 | O69: 1438.754
C70: 35년 이상 | D70: 723 | E70: 101303.09 | F70: 639 | G70: 70557.696 | H70: 73 | I70: 22231.449 | J70: 5 | K70: 1319.28 | L70: 4 | M70: 4838.7 | N70: 2 | O70: 2355.97
C71: 기타 | D71: 104 | E71: 13823.023 | F71: 91 | G71: 8364.253 | H71: 9 | I71: 3941.53 | J71: 1 | K71: 579.74 | L71: 0 | M71: 0 | N71: 3 | O71: 937.5
B72: 울산광역시 | C72: 합계 | D72: 2018 | E72: 263405.51 | F72: 1538 | G72: 136124.29 | H72: 283 | I72: 69073.72 | J72: 67 | K72: 35939.436 | L72: 12 | M72: 2121.15 | N72: 118 | O72: 20146.91
C73: 10년미만 | D73: 36 | E73: 11453.028 | F73: 14 | G73: 2769.9082 | H73: 19 | I73: 5155.0902 | J73: 3 | K73: 3528.03 | L73: 0 | M73: 0 | N73: 0 | O73: 0
C74: 10 ~ 15년 미만 | D74: 56 | E74: 18797.262 | F74: 28 | G74: 7157.08 | H74: 12 | I74: 5335.322 | J74: 14 | K74: 6073.75 | L74: 0 | M74: 0 | N74: 2 | O74: 231.11
C75: 15 ~ 20년 미만 | D75: 68 | E75: 16280.311 | F75: 14 | G75: 1949.105 | H75: 42 | I75: 12133.866 | J75: 1 | K75: 8 | L75: 1 | M75: 749.67 | N75: 10 | O75: 1439.67
C76: 20 ~ 25년 미만 | D76: 92 | E76: 24831.136 | F76: 34 | G76: 5633.606 | H76: 39 | I76: 11766.21 | J76: 1 | K76: 582.79 | L76: 0 | M76: 0 | N76: 18 | O76: 6848.53
C77: 25 ~ 30년 미만 | D77: 143 | E77: 24429.341 | F77: 57 | G77: 8396.235 | H77: 40 | I77: 9142.03 | J77: 28 | K77: 4136.006 | L77: 0 | M77: 0 | N77: 18 | O77: 2755.07
C78: 30 ~ 35년 미만 | D78: 162 | E78: 47218.957 | F78: 92 | G78: 17793.94 | H78: 48 | I78: 11150.337 | J78: 11 | K78: 16213.07 | L78: 0 | M78: 0 | N78: 11 | O78: 2061.61
C79: 35년 이상 | D79: 710 | E79: 85818.421 | F79: 620 | G79: 65564.246 | H79: 61 | I79: 12691.075 | J79: 4 | K79: 3718.95 | L79: 3 | M79: 1007.68 | N79: 22 | O79: 2836.47
C80: 기타 | D80: 751 | E80: 34577.05 | F80: 679 | G80: 26860.17 | H80: 22 | I80: 1699.79 | J80: 5 | K80: 1678.84 | L80: 8 | M80: 363.8 | N80: 37 | O80: 3974.45
B81: 세종특별자치시 | C81: 합계 | D81: 781 | E81: 146250.9 | F81: 495 | G81: 39591.076 | H81: 85 | I81: 13437.205 | J81: 88 | K81: 68214.81 | L81: 0 | M81: 0 | N81: 113 | O81: 25007.805
C82: 10년미만 | D82: 12 | E82: 1544.05 | F82: 4 | G82: 281.86 | H82: 6 | I82: 604.4 | J82: 0 | K82: 0 | L82: 0 | M82: 0 | N82: 2 | O82: 657.79
C83: 10 ~ 15년 미만 | D83: 12 | E83: 2630.12 | F83: 4 | G83: 569.64 | H83: 3 | I83: 518.24 | J83: 0 | K83: 0 | L83: 0 | M83: 0 | N83: 5 | O83: 1542.24
C84: 15 ~ 20년 미만 | D84: 105 | E84: 24828.2 | F84: 53 | G84: 4398.35 | H84: 5 | I84: 878.04 | J84: 21 | K84: 14532.41 | L84: 0 | M84: 0 | N84: 26 | O84: 5019.4
C85: 20 ~ 25년 미만 | D85: 114 | E85: 47467.225 | F85: 41 | G85: 4365.17 | H85: 17 | I85: 3238.38 | J85: 35 | K85: 33846.89 | L85: 0 | M85: 0 | N85: 21 | O85: 6016.785
C86: 25 ~ 30년 미만 | D86: 109 | E86: 18749.88 | F86: 53 | G86: 5481.18 | H86: 16 | I86: 2498.34 | J86: 14 | K86: 5219.21 | L86: 0 | M86: 0 | N86: 26 | O86: 5551.15
C87: 30 ~ 35년 미만 | D87: 44 | E87: 13511.01 | F87: 17 | G87: 1683.3 | H87: 11 | I87: 2549.85 | J87: 10 | K87: 8035.71 | L87: 0 | M87: 0 | N87: 6 | O87: 1242.15
C88: 35년 이상 | D88: 31 | E88: 9185.891 | F88: 22 | G88: 1735.326 | H88: 5 | I88: 813.735 | J88: 2 | K88: 6090.83 | L88: 0 | M88: 0 | N88: 2 | O88: 546
C89: 기타 | D89: 354 | E89: 28334.52 | F89: 301 | G89: 21076.25 | H89: 22 | I89: 2336.22 | J89: 6 | K89: 489.76 | L89: 0 | M89: 0 | N89: 25 | O89: 4432.29
B90: 경기도 | C90: 합계 | D90: 9524 | E90: 2538787.6 | F90: 5304 | G90: 888214.08 | H90: 2362 | I90: 780686.62 | J90: 456 | K90: 340906.7 | L90: 147 | M90: 119038.87 | N90: 1255 | O90: 409941.33
C91: 10년미만 | D91: 609 | E91: 130414.93 | F91: 100 | G91: 11516.39 | H91: 259 | I91: 55797.51 | J91: 33 | K91: 16185.66 | L91: 8 | M91: 12467.85 | N91: 209 | O91: 34447.52
C92: 10 ~ 15년 미만 | D92: 443 | E92: 109054.79 | F92: 107 | G92: 19237.38 | H92: 204 | I92: 48400.772 | J92: 30 | K92: 13789.86 | L92: 11 | M92: 2887.81 | N92: 91 | O92: 24738.97
C93: 15 ~ 20년 미만 | D93: 688 | E93: 245474.01 | F93: 204 | G93: 43146.77 | H93: 254 | I93: 83244.115 | J93: 49 | K93: 52952.554 | L93: 18 | M93: 18327.84 | N93: 163 | O93: 47802.73
C94: 20 ~ 25년 미만 | D94: 927 | E94: 341988.32 | F94: 246 | G94: 51025.42 | H94: 304 | I94: 117963.42 | J94: 109 | K94: 59447.89 | L94: 24 | M94: 19660.497 | N94: 244 | O94: 93891.095
C95: 25 ~ 30년 미만 | D95: 1326 | E95: 437506.14 | F95: 549 | G95: 125644.9 | H95: 446 | I95: 160690.57 | J95: 74 | K95: 42195.051 | L95: 32 | M95: 26422.94 | N95: 225 | O95: 82552.675
C96: 30 ~ 35년 미만 | D96: 1485 | E96: 417354.59 | F96: 1051 | G96: 191703.92 | H96: 236 | I96: 119984.42 | J96: 48 | K96: 42966.14 | L96: 21 | M96: 17071.66 | N96: 129 | O96: 45628.44
C97: 35년 이상 | D97: 2701 | E97: 698642 | F97: 2007 | G97: 372891.51 | H97: 490 | I97: 166468.68 | J97: 86 | K97: 93283.18 | L97: 22 | M97: 15617.54 | N97: 96 | O97: 50381.094
C98: 기타 | D98: 1345 | E98: 158352.83 | F98: 1040 | G98: 73047.781 | H98: 169 | I98: 28137.137 | J98: 27 | K98: 20086.37 | L98: 11 | M98: 6582.73 | N98: 98 | O98: 30498.809
B99: 강원특별자치도 | C99: 합계 | D99: 2258 | E99: 280014.97 | F99: 1572 | G99: 129965.12 | H99: 404 | I99: 78264.481 | J99: 19 | K99: 8056.45 | L99: 30 | M99: 9303.51 | N99: 233 | O99: 54425.402
C100: 10년미만 | D100: 163 | E100: 15762.656 | F100: 52 | G100: 5573.159 | H100: 75 | I100: 6350.437 | J100: 1 | K100: 40.5 | L100: 1 | M100: 13.52 | N100: 34 | O100: 3785.04
...

Sheet 7-1. 층수별
A1: 7-1. 2023년 층수별 현황
L2: (단위 : 동)
B3: 시도명 | C3: 합계 | D3: 1층 | E3: 2~4층 | F3: 5층 | G3: 6~10층 | H3: 11~20층 | I3: 21~30층 | J3: 31 ~ 49층 | K3: 50층 이상 | L3: 기타
B4: 합계 | C4: =SUM(D4:L4) -> 7391084 | D4: =SUM(D5:D21) -> 4489003 | E4: =SUM(E5:E21) -> 2462327 | F4: =SUM(F5:F21) -> 185860 | G4: =SUM(G5:G21) -> 100671 | H4: =SUM(H5:H21) -> 100323 | I4: =SUM(I5:I21) -> 30106 | J4: =SUM(J5:J21) -> 4184 | K4: =SUM(K5:K21) -> 132 | L4: =SUM(L5:L21) -> 18478
B5: 서울특별시 | C5: =SUM(D5:L5) -> 579408 | D5: 101428 | E5: 350553 | F5: 66712 | G5: 37274 | H5: 17881 | I5: 4105 | J5: 554 | K5: 24 | L5: 877
B6: 부산광역시 | C6: =SUM(D6:L6) -> 348634 | D6: 136999 | E6: 177503 | F6: 14226 | G6: 9724 | H6: 5776 | I6: 2982 | J6: 592 | K6: 41 | L6: 791
B7: 대구광역시 | C7: =SUM(D7:L7) -> 256241 | D7: 96045 | E7: 143764 | F7: 6640 | G7: 2869 | H7: 4544 | I7: 1445 | J7: 261 | K7: 17 | L7: 656
B8: 인천광역시 | C8: =SUM(D8:L8) -> 221783 | D8: 86241 | E8: 108933 | F8: 13050 | G8: 5317 | H8: 5169 | I8: 2029 | J8: 623 | K8: 19 | L8: 402
B9: 광주광역시 | C9: =SUM(D9:L9) -> 136197 | D9: 52856 | E9: 72706 | F9: 3607 | G9: 1849 | H9: 3894 | I9: 779 | J9: 95 | K9: 0 | L9: 411
B10: 대전광역시 | C10: =SUM(D10:L10) -> 131054 | D10: 46540 | E10: 73591 | F10: 4342 | G10: 2348 | H10: 2973 | I10: 904 | J10: 106 | K10: 8 | L10: 242
B11: 울산광역시 | C11: =SUM(D11:L11) -> 137107 | D11: 65392 | E11: 63151 | F11: 3002 | G11: 2263 | H11: 2153 | I11: 695 | J11: 141 | K11: 2 | L11: 308
B12: 세종특별자치시 | C12: =SUM(D12:L12) -> 35383 | D12: 24080 | E12: 8638 | F12: 321 | G12: 528 | H12: 1005 | I12: 632 | J12: 46 | K12: 0 | L12: 133
B13: 경기도 | C13: =SUM(D13:L13) -> 1265969 | D13: 639107 | E13: 524276 | F13: 40150 | G13: 18458 | H13: 28532 | I13: 10021 | J13: 1080 | K13: 19 | L13: 4326
B14: 강원특별자치도 | C14: =SUM(D14:L14) -> 437539 | D14: 314881 | E14: 112376 | F14: 3781 | G14: 1949 | H14: 3343 | I14: 414 | J14: 60 | K14: 0 | L14: 735
B15: 충청북도 | C15: =SUM(D15:L15) -> 407286 | D15: 294196 | E15: 103345 | F15: 3424 | G15: 1859 | H15: 3088 | I15: 788 | J15: 64 | K15: 0 | L15: 522
B16: 충청남도 | C16: =SUM(D16:L16) -> 564466 | D16: 434627 | E16: 114185 | F16: 4456 | G16: 2461 | H16: 4254 | I16: 1236 | J16: 134 | K16: 1 | L16: 3112
... B21: 제주특별자치도 | C21: =SUM(D21:L21) -> 189336 | D21: 122561 | E21: 61355 | F21: 2176 | G21: 2139 | H21: 531 | I21: 1 | J21: 1 | K21: 0 | L21: 572

Sheet 7-2. 면적별
A1: 7-2. 2023년 면적별 현황
K2: (단위 : 동)
B3: 시도명 | C3: 합계 | D3: 1백㎡미만 | E3: 1백㎡~2백㎡미만 | F3: 2백㎡~3백㎡미만 | G3: 3백㎡~5백㎡미만 | H3: 5백㎡~1천㎡미만 | I3: 1천㎡~3천㎡미만 | J3: 3천㎡~1만㎡미만 | K3: 1만㎡이상
B4: 합계 | C4: =SUM(D4:K4) -> 7391084 | D4: =SUM(D5:D21) -> 3226235 | E4: =SUM(E5:E21) -> 1661448 | F4: =SUM(F5:F21) -> 549368 | G4: =SUM(G5:G21) -> 811343 | H4: =SUM(H5:H21) -> 598013 | I4: =SUM(I5:I21) -> 301934 | J4: =SUM(J5:J21) -> 172921 | K4: =SUM(K5:K21) -> 69822
B5: 서울특별시 | C5: =SUM(D5:K5) -> 579408 | D5: 102441 | E5: 116806 | F5: 89734 | G5: 103060 | H5: 96458 | I5: 36986 | J5: 22733 | K5: 11190
B6: 부산광역시 | C6: =SUM(D6:K6) -> 348634 | D6: 142690 | E6: 90136 | F6: 22710 | G6: 34084 | H6: 27801 | I6: 16215 | J6: 9700 | K6: 5298
B7: 대구광역시 | C7: =SUM(D7:K7) -> 256241 | D7: 77957 | E7: 69983 | F7: 23473 | G7: 39901 | H7: 22710 | I7: 11305 | J7: 7412 | K7: 3500
B8: 인천광역시 | C8: =SUM(D8:K8) -> 221783 | D8: 66212 | E8: 43439 | F8: 20079 | G8: 34570 | H8: 29602 | I8: 13437 | J8: 9793 | K8: 4651
B9: 광주광역시 | C9: =SUM(D9:K9) -> 136197 | D9: 43873 | E9: 39609 | F9: 9104 | G9: 18196 | H9: 11086 | I9: 6573 | J9: 5515 | K9: 2241
B10: 대전광역시 | C10: =SUM(D10:K10) -> 131054 | D10: 37558 | E10: 32455 | F10: 10166 | G10: 23443 | H10: 14299 | I10: 5999 | J10: 4648 | K10: 2486
B11: 울산광역시 | C11: =SUM(D11:K11) -> 137107 | D11: 46899 | E11: 32979 | F11: 11565 | G11: 20891 | H11: 12128 | I11: 6709 | J11: 4116 | K11: 1820
B12: 세종특별자치시 | C12: =SUM(D12:K12) -> 35383 | D12: 15199 | E12: 8536 | F12: 2274 | G12: 3257 | H12: 2163 | I12: 1309 | J12: 1972 | K12: 673
B13: 경기도 | C13: =SUM(D13:K13) -> 1265969 | D13: 320040 | E13: 339844 | F13: 121954 | G13: 197091 | H13: 154900 | I13: 64402 | J13: 47331 | K13: 20407
B14: 강원특별자치도 | C14: =SUM(D14:K14) -> 437539 | D14: 240868 | E14: 96440 | F14: 26131 | G14: 33625 | H14: 20697 | I14: 12212 | J14: 5954 | K14: 1612
B15: 충청북도 | C15: =SUM(D15:K15) -> 407286 | D15: 198602 | E15: 97305 | F15: 25865 | G15: 37702 | H15: 24910 | I15: 14102 | J15: 6813 | K15: 1987
B16: 충청남도 | C16: =SUM(D16:K16) -> 564466 | D16: 293708 | E16: 124671 | F16: 32460 | G16: 45560 | H16: 35761 | I16: 20426 | J16: 9089 | K16: 2791
... B21: 제주특별자치도 | C21: =SUM(D21:K21) -> 189336 | D21: 101610 | E21: 41497 | F21: 11493 | G21: 14845 | H21: 11449 | I21: 5832 | J21: 2307 | K21: 303

Sheet 7-3. 소유주체별
A1: 7-3. 2023년 소유주체별 현황
L2: (단위 : 동, ㎡)
B3: 시도 | C3: 합계 | E3: 개인 | G3: 법인 | I3: 국공유 | K3: 기타
C4: 동 수 | D4: 연면적 | E4: 동 수 | F4: 연면적 | G4: 동 수 | H4: 연면적 | I4: 동 수 | J4: 연면적 | K4: 동 수 | L4: 연면적
B5: 전국 | C5: =SUM(E5,G5,I5,K5) -> 7391084 | D5: =SUM(F5,H5,J5,L5) -> 4.2276607e+09 | E5: 5715562.2 | F5: 1.1360891e+09 | G5: 577321.44 | H5: 7.7489342e+08 | I5: 237091.28 | J5: 2.4165513e+08 | K5: 861109.06 | L5: 2.0750231e+09
B6: 서울특별시 | C6: =SUM(E6,G6,I6,K6) -> 579408 | D6: =SUM(F6,H6,J6,L6) -> 5.9422332e+08 | E6: 378995.1 | F6: 1.1511452e+08 | G6: 29681.67 | H6: 84450374 | I6: 12457.37 | J6: 26664572 | K6: 158273.86 | L6: 3.6799385e+08
B7: 부산광역시 | C7: =SUM(E7,G7,I7,K7) -> 348634 | D7: =SUM(F7,H7,J7,L7) -> 2.5584108e+08 | E7: 264820.49 | F7: 49384479 | G7: 27202.25 | H7: 39800926 | I7: 9372.44 | J7: 15527712 | K7: 47238.82 | L7: 1.5112796e+08
B8: 대구광역시 | C8: =SUM(E8,G8,I8,K8) -> 256240.99 | D8: =SUM(F8,H8,J8,L8) -> 1.8144026e+08 | E8: 205100.95 | F8: 50592897 | G8: 17304.2 | H8: 25976751 | I8: 5699.33 | J8: 12168315 | K8: 28136.51 | L8: 92702298
B9: 인천광역시 | C9: =SUM(E9,G9,I9,K9) -> 221783 | D9: =SUM(F9,H9,J9,L9) -> 2.2303799e+08 | E9: 141101.78 | F9: 36222739 | G9: 21436.29 | H9: 40038349 | I9: 8799.92 | J9: 11075485 | K9: 50445.01 | L9: 1.3570142e+08
B10: 광주광역시 | C10: =SUM(E10,G10,I10,K10) -> 136197 | D10: =SUM(F10,H10,J10,L10) -> 1.1011157e+08 | E10: 104790.42 | F10: 23715946 | G10: 12586.37 | H10: 18972205 | I10: 3394.94 | J10: 7508607.9 | K10: 15425.27 | L10: 59914816
B11: 대전광역시 | C11: =SUM(E11,G11,I11,K11) -> 131054 | D11: =SUM(F11,H11,J11,L11) -> 1.1635192e+08 | E11: 100455.35 | F11: 26565310 | G11: 10484.26 | H11: 20124425 | I11: 4519.78 | J11: 7919895.5 | K11: 15594.61 | L11: 61742286
B12: 울산광역시 | C12: =SUM(E12,G12,I12,K12) -> 137107.01 | D12: =SUM(F12,H12,J12,L12) -> 94810829 | E12: 97799.42 | F12: 23051926 | G12: 22920.2 | H12: 26917398 | I12: 3797.56 | J12: 4820378.6 | K12: 12589.83 | L12: 40021127
B13: 세종특별자치시 | C13: =SUM(E13,G13,I13,K13) -> 35383 | D13: =SUM(F13,H13,J13,L13) -> 31939700 | E13: 25551.41 | F13: 4522053.5 | G13: 3215.16 | H13: 4904749.5 | I13: 1790.2 | J13: 3710417.1 | K13: 4826.23 | L13: 18802479
B14: 경기도 | C14: =SUM(E14,G14,I14,K14) -> 1265969 | D14: =SUM(F14,H14,J14,L14) -> 1.1085574e+09 | E14: 884715.86 | F14: 233243261 | G14: 136735.65 | H14: 1.9107377e+08 | I14: 42392.13 | J14: 50128285 | K14: 202125.36 | L14: 6.3411205e+08
B15: 강원특별자치도 | C15: =SUM(E15,G15,I15,K15) -> 437539 | D15: =SUM(F15,H15,J15,L15) -> 1.4583537e+08 | E15: 356052.01 | F15: 54393642 | G15: 25438.03 | H15: 21128570 | I15: 27095.92 | J15: 17642777 | K15: 28953.04 | L15: 52670383
B16: 충청북도 | C16: =SUM(E16,G16,I16,K16) -> 407286.01 | D16: =SUM(F16,H16,J16,L16) -> 1.6200215e+08 | E16: 329122.16 | F16: 58631526 | G16: 35446.25 | H16: 40818539 | I16: 13543.72 | J16: 10739234 | K16: 29173.88 | L16: 51812850
... B22: 제주특별자치도 | C22: =SUM(E22,G22,I22,K22) -> 189336.01 | D22: =SUM(F22,H22,J22,L22) -> 59414426 | E22: 151800.01 | F22: 22771058 | G22: 12469.63 | H22: 9116327.4 | I22: 4756.95 | J22: 3689402.3 | K22: 20309.42 | L22: 23837638

Sheet 8-1. 1인당 건축물 현황(시도별)
A1: 8-1. 2023년 1인당 건축물 현황(시도별)
A2: [기준] 인구수 : 행정안전부 2023년 12월 주민등록 인구 및 세대현황 참조(https://jumin.mois.go.kr)
O3: (단위 : ㎡)
B4: 시도 | C4: 인구수 | D4: 합계 | F4: 주거용 | H4: 상업용 | J4: 공업용 | L4: 교육 및 사회용 | N4: 기타
D5: 연면적 | E5: 1인당 면적 | F5: 연면적 | G5: 1인당 면적 | H5: 연면적 | I5: 1인당 면적 | J5: 연면적 | K5: 1인당 면적 | L5: 연면적 | M5: 1인당 면적 | N5: 연면적 | O5: 1인당 면적
B6: 합계 | C6: 51325329 | D6: ='1. 용도별'!D5 -> 4.2276607e+09 | E6: =D6/$C6 -> 82.36987 | F6: ='1. 용도별'!F5 -> 1.9505563e+09 | G6: =F6/$C6 -> 38.003775 | H6: ='1. 용도별'!H5 -> 9.3468869e+08 | I6: =H6/$C6 -> 18.211061 | J6: ='1. 용도별'!J5 -> 4.6514802e+08 | K6: =J6/$C6 -> 9.0627382 | L6: ='1. 용도별'!L5 -> 3.7664541e+08 | M6: =L6/$C6 -> 7.3383925 | N6: ='1. 용도별'!N5 -> 5.0062229e+08 | O6: =N6/$C6 -> 9.7539033
B7: 서울특별시 | C7: 9386034 | D7: ='1. 용도별'!D6 -> 5.9422332e+08 | E7: =D7/$C7 -> 63.309308 | F7: ='1. 용도별'!F6 -> 3.0847809e+08 | G7: =F7/$C7 -> 32.865648 | H7: ='1. 용도별'!H6 -> 1.8678264e+08 | I7: =H7/$C7 -> 19.90006 | J7: ='1. 용도별'!J6 -> 14552067 | K7: =J7/$C7 -> 1.5503957 | L7: ='1. 용도별'!L6 -> 63430315 | M7: =L7/$C7 -> 6.7579464 | N7: ='1. 용도별'!N6 -> 20980204 | O7: =N7/$C7 -> 2.2352576
B8: 부산광역시 | C8: 3293362 | D8: ='1. 용도별'!D7 -> 2.5584108e+08 | E8: =D8/$C8 -> 77.683862 | F8: ='1. 용도별'!F7 -> 1.2462408e+08 | G8: =F8/$C8 -> 37.840991 | H8: ='1. 용도별'!H7 -> 64595346 | I8: =H8/$C8 -> 19.613801 | J8: ='1. 용도별'!J7 -> 19867250 | K8: =J8/$C8 -> 6.0325134 | L8: ='1. 용도별'!L7 -> 23981385 | M8: =L8/$C8 -> 7.2817338 | N8: ='1. 용도별'!N7 -> 22773015 | O8: =N8/$C8 -> 6.9148231
B9: 대구광역시 | C9: 2374960 | D9: ='1. 용도별'!D8 -> 1.8144026e+08 | E9: =D9/$C9 -> 76.397186 | F9: ='1. 용도별'!F8 -> 95283309 | G9: =F9/$C9 -> 40.119964 | H9: ='1. 용도별'!H8 -> 45453596 | I9: =H9/$C9 -> 19.138678 | J9: ='1. 용도별'!J8 -> 16290192 | K9: =J9/$C9 -> 6.8591439 | L9: ='1. 용도별'!L8 -> 16051156 | M9: =L9/$C9 -> 6.7584954 | N9: ='1. 용도별'!N8 -> 8362007.8 | O9: =N9/$C9 -> 3.5209047
B10: 인천광역시 | C10: 2997410 | D10: ='1. 용도별'!D9 -> 2.2303799e+08 | E10: =D10/$C10 -> 74.410238 | F10: ='1. 용도별'!F9 -> 1.0741546e+08 | G10: =F10/$C10 -> 35.836092 | H10: ='1. 용도별'!H9 -> 55915629 | I10: =H10/$C10 -> 18.654648 | J10: ='1. 용도별'!J9 -> 25115386 | K10: =J10/$C10 -> 8.3790291 | L10: ='1. 용도별'!L9 -> 18087502 | M10: =L10/$C10 -> 6.0343769 | N10: ='1. 용도별'!N9 -> 16504017 | O10: =N10/$C10 -> 5.5060924
B11: 광주광역시 | C11: 1419237 | D11: ='1. 용도별'!D10 -> 1.1011157e+08 | E11: =D11/$C11 -> 77.585051 | F11: ='1. 용도별'!F10 -> 59857078 | G11: =F11/$C11 -> 42.175534 | H11: ='1. 용도별'!H10 -> 24411788 | I11: =H11/$C11 -> 17.200642 | J11: ='1. 용도별'!J10 -> 8781783.8 | K11: =J11/$C11 -> 6.1876796 | L11: ='1. 용도별'!L10 -> 12869132 | M11: =L11/$C11 -> 9.067641 | N11: ='1. 용도별'!N10 -> 4191793.4 | O11: =N11/$C11 -> 2.9535542
B12: 대전광역시 | C12: 1442216 | D12: ='1. 용도별'!D11 -> 1.1635192e+08 | E12: =D12/$C12 -> 80.675791 | F12: ='1. 용도별'!F11 -> 57280772 | G12: =F12/$C12 -> 39.717194 | H12: ='1. 용도별'!H11 -> 25161964 | I12: =H12/$C12 -> 17.446738 | J12: ='1. 용도별'!J11 -> 5662874.7 | K12: =J12/$C12 -> 3.9265094 | L12: ='1. 용도별'!L11 -> 15094653 | M12: =L12/$C12 -> 10.466291 | N12: ='1. 용도별'!N11 -> 13151653 | O12: =N12/$C12 -> 9.119059
B13: 울산광역시 | C13: 1103661 | D13: ='1. 용도별'!D12 -> 94810829 | E13: =D13/$C13 -> 85.905753 | F13: ='1. 용도별'!F12 -> 44358548 | G13: =F13/$C13 -> 40.192186 | H13: ='1. 용도별'!H12 -> 18547143 | I13: =H13/$C13 -> 16.805108 | J13: ='1. 용도별'!J12 -> 18653920 | K13: =J13/$C13 -> 16.901857 | L13: ='1. 용도별'!L12 -> 7335576.7 | M13: =L13/$C13 -> 6.6465851 | N13: ='1. 용도별'!N12 -> 5915641.6 | O13: =N13/$C13 -> 5.3600169
B14: 세종특별자치시 | C14: 386525 | D14: ='1. 용도별'!D13 -> 31939700 | E14: =D14/$C14 -> 82.632946 | F14: ='1. 용도별'!F13 -> 16035868 | G14: =F14/$C14 -> 41.487272 | H14: ='1. 용도별'!H13 -> 5875166.6 | I14: =H14/$C14 -> 15.199965 | J14: ='1. 용도별'!J13 -> 2982271.5 | K14: =J14/$C14 -> 7.715598 | L14: ='1. 용도별'!L13 -> 3300221.3 | M14: =L14/$C14 -> 8.5381833 | N14: ='1. 용도별'!N13 -> 3746172.5 | O14: =N14/$C14 -> 9.691928
B15: 경기도 | C15: 13630821 | D15: ='1. 용도별'!D14 -> 1.1085574e+09 | E15: =D15/$C15 -> 81.327264 | F15: ='1. 용도별'!F14 -> 5.0265909e+08 | G15: =F15/$C15 -> 36.876656 | H15: ='1. 용도별'!H14 -> 2.2877838e+08 | I15: =H15/$C15 -> 16.783904 | J15: ='1. 용도별'!J14 -> 1.3591984e+08 | K15: =J15/$C15 -> 9.9715082 | L15: ='1. 용도별'!L14 -> 84771583 | M15: =L15/$C15 -> 6.2191106 | N15: ='1. 용도별'!N14 -> 1.5642847e+08 | O15: =N15/$C15 -> 11.476086
B16: 강원특별자치도 | C16: 1527807 | D16: ='1. 용도별'!D15 -> 1.4583537e+08 | E16: =D16/$C16 -> 95.454053 | F16: ='1. 용도별'!F15 -> 64847506 | G16: =F16/$C16 -> 42.444828 | H16: ='1. 용도별'!H15 -> 33239229 | I16: =H16/$C16 -> 21.75617 | J16: ='1. 용도별'!J15 -> 7464148.8 | K16: =J16/$C16 -> 4.8855312 | L16: ='1. 용도별'!L15 -> 17151380 | M16: =L16/$C16 -> 11.226143 | N16: ='1. 용도별'!N15 -> 23133107 | O16: =N16/$C16 -> 15.14138
B17: 충청북도 | C17: 1593469 | D17: ='1. 용도별'!D16 -> 1.6200215e+08 | E17: =D17/$C17 -> 101.66633 | F17: ='1. 용도별'!F16 -> 68352953 | G17: =F17/$C17 -> 42.89569 | H17: ='1. 용도별'!H16 -> 27674039 | I17: =H17/$C17 -> 17.367165 | J17: ='1. 용도별'!J16 -> 29701761 | K17: =J17/$C17 -> 18.639685 | L17: ='1. 용도별'!L16 -> 13844344 | M17: =L17/$C17 -> 8.6881793 | N17: ='1. 용도별'!N16 -> 22429053 | O17: =N17/$C17 -> 14.075613
... B23: 제주특별자치도 | C23: 675252 | D23: ='1. 용도별'!D22 -> 59414426 | E23: =D23/$C23 -> 87.988523 | F23: ='1. 용도별'!F22 -> 25424250 | G23: =F23/$C23 -> 37.651499 | H23: ='1. 용도별'!H22 -> 19920379 | I23: =H23/$C23 -> 29.500659 | J23: ='1. 용도별'!J22 -> 849633.85 | K23: =J23/$C23 -> 1.2582471 | L23: ='1. 용도별'!L22 -> 5540625.6 | M23: =L23/$C23 -> 8.2052709 | N23: ='1. 용도별'!N22 -> 7679537.4 | O23: =N23/$C23 -> 11.372847

Sheet 8-2. 1인당 건축물 현황(시군구별)
A1: 8-2. 2023년 1인당 건축물 현황(시군구별)
A2: [기준] 인구수 : 행정안전부 2023년 12월 주민등록 인구 및 세대현황 참조(https://jumin.mois.go.kr)
B4: 시도 | C4: 시군구 | D4: 인구 | E4: 전체 건축물 | G4: 주거용 건축물
E5: 건축물 연면적 | F5: 1인당 면적 | G5: 주거용 연면적 | H5: 1인당 면적
B6: 서울 | C6: 종로구 | D6: 139417 | E6: ='5-2. 30년이상 건축물(시군구별) '!D6 -> 19667796 | F6: =E6/$D$6 -> 141.07172 | G6: ='5-2. 30년이상 건축물(시군구별) '!G6 -> 5067119.8 | H6: =G6/$D$6 -> 36.345064
B7: 서울 | C7: 중구 | D7: 121312 | E7: ='5-2. 30년이상 건축물(시군구별) '!D7 -> 22465284 | F7: =E7/$D$6 -> 161.13734 | G7: ='5-2. 30년이상 건축물(시군구별) '!G7 -> 4577012 | H7: =G7/$D$6 -> 32.829655
B8: 서울 | C8: 용산구 | D8: 213151 | E8: ='5-2. 30년이상 건축물(시군구별) '!D8 -> 17734347 | F8: =E8/$D$6 -> 127.20362 | G8: ='5-2. 30년이상 건축물(시군구별) '!G8 -> 8877857.2 | H8: =G8/$D$6 -> 63.678441
B9: 서울 | C9: 성동구 | D9: 277361 | E9: ='5-2. 30년이상 건축물(시군구별) '!D9 -> 19934802 | F9: =E9/$D$6 -> 142.98688 | G9: ='5-2. 30년이상 건축물(시군구별) '!G9 -> 9364345.5 | H9: =G9/$D$6 -> 67.167888
B10: 서울 | C10: 광진구 | D10: 335554 | E10: ='5-2. 30년이상 건축물(시군구별) '!D10 -> 17097833 | F10: =E10/$D$6 -> 122.63808 | G10: ='5-2. 30년이상 건축물(시군구별) '!G10 -> 9971910.5 | H10: =G10/$D$6 -> 71.525786
B11: 서울 | C11: 동대문구 | D11: 341149 | E11: ='5-2. 30년이상 건축물(시군구별) '!D11 -> 19004726 | F11: =E11/$D$6 -> 136.3157 | G11: ='5-2. 30년이상 건축물(시군구별) '!G11 -> 10433954 | H11: =G11/$D$6 -> 74.839901
B12: 서울 | C12: 중랑구 | D12: 382155 | E12: ='5-2. 30년이상 건축물(시군구별) '!D12 -> 22167195 | F12: =E12/$D$6 -> 158.99922 | G12: ='5-2. 30년이상 건축물(시군구별) '!G12 -> 14191795 | H12: =G12/$D$6 -> 101.79386
B13: 서울 | C13: 성북구 | D13: 425602 | E13: ='5-2. 30년이상 건축물(시군구별) '!D13 -> 21591756 | F13: =E13/$D$6 -> 154.87176 | G13: ='5-2. 30년이상 건축물(시군구별) '!G13 -> 14285216 | H13: =G13/$D$6 -> 102.46394
B14: 서울 | C14: 강북구 | D14: 288113 | E14: ='5-2. 30년이상 건축물(시군구별) '!D14 -> 12826476 | F14: =E14/$D$6 -> 92.000803 | G14: ='5-2. 30년이상 건축물(시군구별) '!G14 -> 8561701.1 | H14: =G14/$D$6 -> 61.41074
B15: 서울 | C15: 도봉구 | D15: 306948 | E15: ='5-2. 30년이상 건축물(시군구별) '!D15 -> 15932860 | F15: =E15/$D$6 -> 114.28204 | G15: ='5-2. 30년이상 건축물(시군구별) '!G15 -> 10149854 | H15: =G15/$D$6 -> 72.802125
B16: 서울 | C16: 노원구 | D16: 498213 | E16: ='5-2. 30년이상 건축물(시군구별) '!D16 -> 22673444 | F16: =E16/$D$6 -> 162.63041 | G16: ='5-2. 30년이상 건축물(시군구별) '!G16 -> 15807225 | H16: =G16/$D$6 -> 113.3809
B17: 서울 | C17: 은평구 | D17: 466770 | E17: ='5-2. 30년이상 건축물(시군구별) '!D17 -> 20812060 | F17: =E17/$D$6 -> 149.27921 | G17: ='5-2. 30년이상 건축물(시군구별) '!G17 -> 14383417 | H17: =G17/$D$6 -> 103.16831
... B80: 울산 | C80: 울주군 | D80: 218997 | E80: ='5-2. 30년이상 건축물(시군구별) '!D80 -> 23758512 | F80: =E80/$D$6 -> 170.41331 | G80: ='5-2. 30년이상 건축물(시군구별) '!G80 -> 8761591.6 | H80: =G80/$D$6 -> 62.844499
B81: 세종 | D81: 386525 | E81: ='5-2. 30년이상 건축물(시군구별) '!D81 -> 31939700 | F81: =E81/$D$6 -> 229.09473 | G81: ='5-2. 30년이상 건축물(시군구별) '!G81 -> 16035868 | H81: =G81/$D$6 -> 115.02089
B82: 경기 | C82: 수원시 장안구 | D82: 270849 | E82: ='5-2. 30년이상 건축물(시군구별) '!D82 -> 14351073 | F82: =E82/$D$6 -> 102.93632 | G82: ='5-2. 30년이상 건축물(시군구별) '!G82 -> 9234494.4 | H82: =G82/$D$6 -> 66.236502
B83: 경기 | C83: 수원시 권선구 | D83: 366167 | E83: ='5-2. 30년이상 건축물(시군구별) '!D83 -> 22456259 | F83: =E83/$D$6 -> 161.0726 | G83: ='5-2. 30년이상 건축물(시군구별) '!G83 -> 13029104 | H83: =G83/$D$6 -> 93.454198
B84: 경기 | C84: 수원시 팔달구 | D84: 197213 | E84: ='5-2. 30년이상 건축물(시군구별) '!D84 -> 13606402 | F84: =E84/$D$6 -> 97.595002 | G84: ='5-2. 30년이상 건축물(시군구별) '!G84 -> 6549463.1 | H84: =G84/$D$6 -> 46.977507
B85: 경기 | C85: 수원시 영통구 | D85: 363028 | E85: ='5-2. 30년이상 건축물(시군구별) '!D85 -> 28283351 | F85: =E85/$D$6 -> 202.86874 | G85: ='5-2. 30년이상 건축물(시군구별) '!G85 -> 12763090 | H85: =G85/$D$6 -> 91.546153
B86: 경기 | C86: 성남시 수정구 | D86: 235942 | E86: ='5-2. 30년이상 건축물(시군구별) '!D86 -> 13922632 | F86: =E86/$D$6 -> 99.863229 | G86: ='5-2. 30년이상 건축물(시군구별) '!G86 -> 6734816.9 | H86: =G86/$D$6 -> 48.306999
B87: 경기 | C87: 성남시 중원구 | D87: 210848 | E87: ='5-2. 30년이상 건축물(시군구별) '!D87 -> 12755613 | F87: =E87/$D$6 -> 91.492526 | G87: ='5-2. 30년이상 건축물(시군구별) '!G87 -> 6133313.7 | H87: =G87/$D$6 -> 43.992581
B88: 경기 | C88: 성남시 분당구 | D88: 472957 | E88: ='5-2. 30년이상 건축물(시군구별) '!D88 -> 63820015 | F88: =E88/$D$6 -> 457.76351 | G88: ='5-2. 30년이상 건축물(시군구별) '!G88 -> 22543218 | H88: =G88/$D$6 -> 161.69633
B89: 경기 | C89: 의정부시 | D89: 464213 | E89: ='5-2. 30년이상 건축물(시군구별) '!D89 -> 25549268 | F89: =E89/$D$6 -> 183.25791 | G89: ='5-2. 30년이상 건축물(시군구별) '!G89 -> 15412294 | H89: =G89/$D$6 -> 110.54817
B90: 경기 | C90: 안양시 만안구 | D90: 230664 | E90: ='5-2. 30년이상 건축물(시군구별) '!D90 -> 13449042 | F90: =E90/$D$6 -> 96.466302 | G90: ='5-2. 30년이상 건축물(시군구별) '!G90 -> 7032184.8 | H90: =G90/$D$6 -> 50.439938
B91: 경기 | C91: 안양시 동안구 | D91: 313996 | E91: ='5-2. 30년이상 건축물(시군구별) '!D91 -> 21644106 | F91: =E91/$D$6 -> 155.24725 | G91: ='5-2. 30년이상 건축물(시군구별) '!G91 -> 10242240 | H91: =G91/$D$6 -> 73.464786
B92: 경기 | C92: 부천시 | D92: 779968 | E92: ='5-2. 30년이상 건축물(시군구별) '!D92 -> 54335959 | F92: =E92/$D$6 -> 389.73697 | G92: ='5-2. 30년이상 건축물(시군구별) '!G92 -> 25536864 | H92: =G92/$D$6 -> 183.16894
B93: 경기 | C93: 광명시 | D93: 280197 | E93: ='5-2. 30년이상 건축물(시군구별) '!D93 -> 16273159 | F93: =E93/$D$6 -> 116.72292 | G93: ='5-2. 30년이상 건축물(시군구별) '!G93 -> 9038913.5 | H93: =G93/$D$6 -> 64.833654
... B255: 제주 | C255: 서귀포시 | D255: 183598 | E255: ='5-2. 30년이상 건축물(시군구별) '!D255 -> 20391188 | F255: =E255/$D$6 -> 146.26041 | G255: ='5-2. 30년이상 건축물(시군구별) '!G255 -> 7470531.6 | H255: =G255/$D$6 -> 53.584079

Sheet 9. 국토면적 대비 건축물 현황
A1: =목차!B12 -> 9. 2023년 국토면적 대비 건축물 현황
A2: [기준] 국토면적 : 국가통계포털 행정구역별・지목별 국토이용현황(2022년 기준) 참고(https://kosis.kr/)
O3: (단위 : ㎡)
B4: 시도 | C4: 지적공부면적지 | D4: 합계 | F4: 주거용 | H4: 상업용 | J4: 공업용 | L4: 교육 및 사회용 | N4: 기타
D5: 연면적 | E5: 비율 | F5: 연면적 | G5: 비율 | H5: 연면적 | I5: 비율 | J5: 연면적 | K5: 비율 | L5: 연면적 | M5: 비율 | N5: 연면적 | O5: 비율
B6: 합계 | C6: 1.0044355e+11 | D6: ='1. 용도별'!D5 -> 4.2276607e+09 | E6: =D6/$C6*100 -> 4.2089916 | F6: ='1. 용도별'!F5 -> 1.9505563e+09 | G6: =F6/$C6*100 -> 1.9419427 | H6: ='1. 용도별'!H5 -> 9.3468869e+08 | I6: =H6/$C6*100 -> 0.93056115 | J6: ='1. 용도별'!J5 -> 4.6514802e+08 | K6: =J6/$C6*100 -> 0.46309395 | L6: ='1. 용도별'!L5 -> 3.7664541e+08 | M6: =L6/$C6*100 -> 0.37498216 | N6: ='1. 용도별'!N5 -> 5.0062229e+08 | O6: =N6/$C6*100 -> 0.49841157
B7: 서울특별시 | C7: 6.0520815e+08 | D7: ='1. 용도별'!D6 -> 5.9422332e+08 | E7: =D7/$C7*100 -> 98.18495 | F7: ='1. 용도별'!F6 -> 3.0847809e+08 | G7: =F7/$C7*100 -> 50.970578 | H7: ='1. 용도별'!H6 -> 1.8678264e+08 | I7: =H7/$C7*100 -> 30.862545 | J7: ='1. 용도별'!J6 -> 14552067 | K7: =J7/$C7*100 -> 2.404473 | L7: ='1. 용도별'!L6 -> 63430315 | M7: =L7/$C7*100 -> 10.480744 | N7: ='1. 용도별'!N6 -> 20980204 | O7: =N7/$C7*100 -> 3.4666096
B8: 부산광역시 | C8: 7.7132596e+08 | D8: ='1. 용도별'!D7 -> 2.5584108e+08 | E8: =D8/$C8*100 -> 33.168997 | F8: ='1. 용도별'!F7 -> 1.2462408e+08 | G8: =F8/$C8*100 -> 16.157123 | H8: ='1. 용도별'!H7 -> 64595346 | I8: =H8/$C8*100 -> 8.3745848 | J8: ='1. 용도별'!J7 -> 19867250 | K8: =J8/$C8*100 -> 2.5757269 | L8: ='1. 용도별'!L7 -> 23981385 | M8: =L8/$C8*100 -> 3.1091117 | N8: ='1. 용도별'!N7 -> 22773015 | O8: =N8/$C8*100 -> 2.9524503
B9: 대구광역시 | C9: 8.8522221e+08 | D9: ='1. 용도별'!D8 -> 1.8144026e+08 | E9: =D9/$C9*100 -> 20.496578 | F9: ='1. 용도별'!F8 -> 95283309 | G9: =F9/$C9*100 -> 10.763773 | H9: ='1. 용도별'!H8 -> 45453596 | I9: =H9/$C9*100 -> 5.1347103 | J9: ='1. 용도별'!J8 -> 16290192 | K9: =J9/$C9*100 -> 1.8402377 | L9: ='1. 용도별'!L8 -> 16051156 | M9: =L9/$C9*100 -> 1.8132347 | N9: ='1. 용도별'!N8 -> 8362007.8 | O9: =N9/$C9*100 -> 0.94462246
B10: 인천광역시 | C10: 1.0670449e+09 | D10: ='1. 용도별'!D9 -> 2.2303799e+08 | E10: =D10/$C10*100 -> 20.9024 | F10: ='1. 용도별'!F9 -> 1.0741546e+08 | G10: =F10/$C10*100 -> 10.06663 | H10: ='1. 용도별'!H9 -> 55915629 | I10: =H10/$C10*100 -> 5.2402322 | J10: ='1. 용도별'!J9 -> 25115386 | K10: =J10/$C10*100 -> 2.3537328 | L10: ='1. 용도별'!L9 -> 18087502 | M10: =L10/$C10*100 -> 1.6951022 | N10: ='1. 용도별'!N9 -> 16504017 | O10: =N10/$C10*100 -> 1.5467031
B11: 광주광역시 | C11: 5.010243e+08 | D11: ='1. 용도별'!D10 -> 1.1011157e+08 | E11: =D11/$C11*100 -> 21.977292 | F11: ='1. 용도별'!F10 -> 59857078 | G11: =F11/$C11*100 -> 11.946941 | H11: ='1. 용도별'!H10 -> 24411788 | I11: =H11/$C11*100 -> 4.872376 | J11: ='1. 용도별'!J10 -> 8781783.8 | K11: =J11/$C11*100 -> 1.7527661 | L11: ='1. 용도별'!L10 -> 12869132 | M11: =L11/$C11*100 -> 2.5685644 | N11: ='1. 용도별'!N10 -> 4191793.4 | O11: =N11/$C11*100 -> 0.83664472
B12: 대전광역시 | C12: 5.3966854e+08 | D12: ='1. 용도별'!D11 -> 1.1635192e+08 | E12: =D12/$C12*100 -> 21.559885 | F12: ='1. 용도별'!F11 -> 57280772 | G12: =F12/$C12*100 -> 10.614065 | H12: ='1. 용도별'!H11 -> 25161964 | I12: =H12/$C12*100 -> 4.6624849 | J12: ='1. 용도별'!J11 -> 5662874.7 | K12: =J12/$C12*100 -> 1.0493246 | L12: ='1. 용도별'!L11 -> 15094653 | M12: =L12/$C12*100 -> 2.797023 | N12: ='1. 용도별'!N11 -> 13151653 | O12: =N12/$C12*100 -> 2.4369871
B13: 울산광역시 | C13: 1.0628335e+09 | D13: ='1. 용도별'!D12 -> 94810829 | E13: =D13/$C13*100 -> 8.9205721 | F13: ='1. 용도별'!F12 -> 44358548 | G13: =F13/$C13*100 -> 4.1736121 | H13: ='1. 용도별'!H12 -> 18547143 | I13: =H13/$C13*100 -> 1.7450657 | J13: ='1. 용도별'!J12 -> 18653920 | K13: =J13/$C13*100 -> 1.7551121 | L13: ='1. 용도별'!L12 -> 7335576.7 | M13: =L13/$C13*100 -> 0.69019058 | N13: ='1. 용도별'!N12 -> 5915641.6 | O13: =N13/$C13*100 -> 0.55659156
B14: 세종특별자치시 | C14: 4.6491822e+08 | D14: ='1. 용도별'!D13 -> 31939700 | E14: =D14/$C14*100 -> 6.8699608 | F14: ='1. 용도별'!F13 -> 16035868 | G14: =F14/$C14*100 -> 3.4491803 | H14: ='1. 용도별'!H13 -> 5875166.6 | I14: =H14/$C14*100 -> 1.2636989 | J14: ='1. 용도별'!J13 -> 2982271.5 | K14: =J14/$C14*100 -> 0.64146153 | L14: ='1. 용도별'!L13 -> 3300221.3 | M14: =L14/$C14*100 -> 0.70984985 | N14: ='1. 용도별'!N13 -> 3746172.5 | O14: =N14/$C14*100 -> 0.80577021
B15: 경기도 | C15: 1.0199544e+10 | D15: ='1. 용도별'!D14 -> 1.1085574e+09 | E15: =D15/$C15*100 -> 10.868696 | F15: ='1. 용도별'!F14 -> 5.0265909e+08 | G15: =F15/$C15*100 -> 4.9282508 | H15: ='1. 용도별'!H14 -> 2.2877838e+08 | I15: =H15/$C15*100 -> 2.2430257 | J15: ='1. 용도별'!J14 -> 1.3591984e+08 | K15: =J15/$C15*100 -> 1.3326071 | L15: ='1. 용도별'!L14 -> 84771583 | M15: =L15/$C15*100 -> 0.83113114 | N15: ='1. 용도별'!N14 -> 1.5642847e+08 | O15: =N15/$C15*100 -> 1.5336811
B16: 강원특별자치도 | C16: 1.6830139e+10 | D16: ='1. 용도별'!D15 -> 1.4583537e+08 | E16: =D16/$C16*100 -> 0.86651315 | F16: ='1. 용도별'!F15 -> 64847506 | G16: =F16/$C16*100 -> 0.38530582 | H16: ='1. 용도별'!H15 -> 33239229 | I16: =H16/$C16*100 -> 0.19749824 | J16: ='1. 용도별'!J15 -> 7464148.8 | K16: =J16/$C16*100 -> 0.044349893 | L16: ='1. 용도별'!L15 -> 17151380 | M16: =L16/$C16*100 -> 0.10190872 | N16: ='1. 용도별'!N15 -> 23133107 | O16: =N16/$C16*100 -> 0.13745048
B17: 충청북도 | C17: 7.4073994e+09 | D17: ='1. 용도별'!D16 -> 1.6200215e+08 | E17: =D17/$C17*100 -> 2.1870314 | F17: ='1. 용도별'!F16 -> 68352953 | G17: =F17/$C17*100 -> 0.92276585 | H17: ='1. 용도별'!H16 -> 27674039 | I17: =H17/$C17*100 -> 0.37359993 | J17: ='1. 용도별'!J16 -> 29701761 | K17: =J17/$C17*100 -> 0.4009742 | L17: ='1. 용도별'!L16 -> 13844344 | M17: =L17/$C17*100 -> 0.18689885 | N17: ='1. 용도별'!N16 -> 22429053 | O17: =N17/$C17*100 -> 0.30279254
... B23: 제주특별자치도 | C23: 1.8502277e+09 | D23: ='1. 용도별'!D22 -> 59414426 | E23: =D23/$C23*100 -> 3.2111954 | F23: ='1. 용도별'!F22 -> 25424250 | G23: =F23/$C23*100 -> 1.3741147 | H23: ='1. 용도별'!H22 -> 19920379 | I23: =H23/$C23*100 -> 1.0766447 | J23: ='1. 용도별'!J22 -> 849633.85 | K23: =J23/$C23*100 -> 0.045920503 | L23: ='1. 용도별'!L22 -> 5540625.6 | M23: =L23/$C23*100 -> 0.29945642 | N23: ='1. 용도별'!N22 -> 7679537.4 | O23: =N23/$C23*100 -> 0.41505905
